time1,time2,rk1,rk2,result
"Vasco","Figueirense",309,325,V
"SãoPaulo","Paysandu",431,180,V
"Paraná","SãoCaetano",309,287,V
"Santos","BotafogoRJ",415,25,V
"Goiás","Portuguesa",344,27,V
"Fluminense","Cruzeiro",340,375,V
"Palmeiras","Grêmio",278,265,E
"AtléticoMG","Corinthians",267,358,D
"Internacional","Flamengo",371,321,D
"Guarani","AtléticoPR",143,345,V
"Coritiba","Vitória",220,141,V
"Bahia","Gama",76,25,V
"Juventude","PontePreta",308,245,V
"AtléticoPR","Bahia",345,76,V
"BotafogoRJ","AtléticoMG",25,267,E
"Corinthians","Internacional",358,371,V
"Cruzeiro","Palmeiras",375,278,E
"Figueirense","Guarani",325,143,E
"Grêmio","Vasco",265,309,V
"PontePreta","Coritiba",245,220,V
"SãoCaetano","Fluminense",287,340,V
"Vitória","Goiás",141,344,V
"Flamengo","Juventude",321,308,E
"Gama","SãoPaulo",25,431,D
"Portuguesa","Paraná",27,309,V
"AtléticoPR","Vasco",345,309,V
"Fluminense","Grêmio",340,265,V
"Internacional","PontePreta",371,245,V
"Bahia","Coritiba",76,220,D
"Cruzeiro","BotafogoRJ",375,25,E
"Flamengo","Goiás",321,344,E
"Gama","Vitória",25,141,V
"Guarani","AtléticoMG",143,267,D
"Juventude","Santos",308,415,V
"Paraná","SãoPaulo",309,431,D
"Portuguesa","Figueirense",27,325,E
"SãoCaetano","Corinthians",287,358,V
"AtléticoMG","Fluminense",267,340,E
"BotafogoRJ","Internacional",25,371,E
"Coritiba","Flamengo",220,321,V
"Goiás","Bahia",344,76,E
"Paysandu","Portuguesa",180,27,D
"Santos","Figueirense",415,325,V
"SãoPaulo","Juventude",431,308,D
"Vitória","AtléticoPR",141,345,E
"Grêmio","Guarani",265,143,D
"Palmeiras","SãoCaetano",278,287,V
"PontePreta","Cruzeiro",245,375,V
"Vasco","Gama",309,25,D
"Figueirense","BotafogoRJ",325,25,D
"Flamengo","Paysandu",321,180,D
"Internacional","SãoPaulo",371,431,E
"Coritiba","Corinthians",220,358,D
"Cruzeiro","Bahia",375,76,V
"Fluminense","Santos",340,415,E
"Goiás","Vasco",344,309,D
"Palmeiras","AtléticoMG",278,267,D
"PontePreta","Grêmio",245,265,E
"Portuguesa","Gama",27,25,V
"Vitória","Juventude",141,308,V
"AtléticoPR","Palmeiras",345,278,V
"Bahia","Figueirense",76,325,D
"Corinthians","Cruzeiro",358,375,E
"Gama","Flamengo",25,321,V
"Guarani","Internacional",143,371,E
"Juventude","Fluminense",308,340,V
"Santos","Paraná",415,309,V
"AtléticoMG","Vitória",267,141,V
"Grêmio","Portuguesa",265,27,E
"SãoPaulo","Goiás",431,344,V
"BotafogoRJ","Gama",25,25,V
"Corinthians","AtléticoPR",358,345,D
"Coritiba","Fluminense",220,340,V
"Internacional","Santos",371,415,V
"AtléticoMG","Portuguesa",267,27,E
"Flamengo","Cruzeiro",321,375,E
"Goiás","Guarani",344,143,D
"Juventude","Vasco",308,309,V
"Paraná","Palmeiras",309,278,V
"PontePreta","SãoCaetano",245,287,D
"SãoPaulo","Grêmio",431,265,V
"Vitória","Paysandu",141,180,V
"AtléticoPR","BotafogoRJ",345,25,V
"Bahia","Paraná",76,309,V
"Cruzeiro","SãoPaulo",375,431,V
"Flamengo","Fluminense",321,340,V
"Gama","PontePreta",25,245,E
"Palmeiras","Coritiba",278,220,E
"Paysandu","Corinthians",180,358,D
"SãoCaetano","Guarani",287,143,V
"Vasco","AtléticoMG",309,267,D
"Portuguesa","Internacional",27,371,D
"Santos","Vitória",415,141,V
"AtléticoMG","PontePreta",267,245,V
"Goiás","BotafogoRJ",344,25,E
"Palmeiras","Gama",278,25,E
"SãoCaetano","SãoPaulo",287,431,V
"Vasco","Coritiba",309,220,V
"Fluminense","Figueirense",340,325,V
"Grêmio","Corinthians",265,358,V
"Guarani","Paysandu",143,180,V
"Juventude","Bahia",308,76,V
"Paraná","Flamengo",309,321,V
"Santos","AtléticoPR",415,345,E
"Vitória","Internacional",141,371,E
"Bahia","Grêmio",76,265,E
"Coritiba","Santos",220,415,V
"Figueirense","Vitória",325,141,D
"Flamengo","AtléticoPR",321,345,V
"Internacional","Palmeiras",371,278,V
"Paysandu","Vasco",180,309,V
"PontePreta","Paraná",245,309,V
"Portuguesa","SãoCaetano",27,287,V
"BotafogoRJ","Juventude",25,308,D
"Corinthians","Goiás",358,344,V
"Cruzeiro","Guarani",375,143,D
"Gama","Fluminense",25,340,D
"Internacional","Figueirense",371,325,D
"Palmeiras","Bahia",278,76,D
"Paraná","AtléticoPR",309,345,E
"Santos","Grêmio",415,265,V
"BotafogoRJ","Vasco",25,309,E
"Coritiba","Goiás",220,344,V
"Cruzeiro","Paysandu",375,180,V
"Guarani","Corinthians",143,358,E
"Juventude","AtléticoMG",308,267,V
"SãoCaetano","Gama",287,25,V
"SãoPaulo","Fluminense",431,340,V
"Vitória","Portuguesa",141,27,V
"AtléticoPR","Gama",345,25,D
"Bahia","SãoPaulo",76,431,V
"Figueirense","Cruzeiro",325,375,V
"Goiás","SãoCaetano",344,287,V
"Paysandu","Coritiba",180,220,E
"PontePreta","Palmeiras",245,278,V
"Portuguesa","BotafogoRJ",27,25,V
"Vasco","Santos",309,415,D
"AtléticoMG","Paraná",267,309,V
"Corinthians","Vitória",358,141,V
"Grêmio","Juventude",265,308,V
"BotafogoRJ","Coritiba",25,220,D
"Figueirense","Palmeiras",325,278,V
"Portuguesa","Cruzeiro",27,375,D
"Santos","Goiás",415,344,E
"AtléticoMG","Flamengo",267,321,D
"AtléticoPR","SãoPaulo",345,431,E
"Corinthians","Paraná",358,309,V
"Grêmio","Vitória",265,141,V
"Guarani","Juventude",143,308,E
"Paysandu","PontePreta",180,245,V
"SãoCaetano","Bahia",287,76,V
"Vasco","Internacional",309,371,E
"Cruzeiro","Vasco",375,309,V
"Fluminense","AtléticoPR",340,345,D
"Internacional","Bahia",371,76,V
"Juventude","Corinthians",308,358,D
"Paraná","Guarani",309,143,D
"PontePreta","Figueirense",245,325,V
"SãoPaulo","AtléticoMG",431,267,D
"Vitória","SãoCaetano",141,287,E
"Coritiba","Portuguesa",220,27,V
"Flamengo","Grêmio",321,265,D
"Gama","Santos",25,415,E
"Palmeiras","Paysandu",278,180,V
"AtléticoPR","SãoCaetano",345,287,D
"Bahia","BotafogoRJ",76,25,D
"Cruzeiro","Juventude",375,308,V
"Fluminense","Guarani",340,143,V
"Internacional","Paraná",371,309,D
"Figueirense","Gama",325,25,V
"Goiás","Grêmio",344,265,V
"Paysandu","AtléticoMG",180,267,V
"PontePreta","Flamengo",245,321,V
"Santos","Palmeiras",415,278,E
"SãoPaulo","Corinthians",431,358,E
"Vasco","Portuguesa",309,27,V
"Flamengo","Bahia",321,76,E
"Gama","Internacional",25,371,E
"Grêmio","Paysandu",265,180,V
"Juventude","Goiás",308,344,V
"Palmeiras","SãoPaulo",278,431,E
"BotafogoRJ","PontePreta",25,245,V
"SãoCaetano","Coritiba",287,220,V
"Vitória","Fluminense",141,340,V
"AtléticoMG","Figueirense",267,325,D
"Corinthians","Santos",358,415,D
"Paraná","Cruzeiro",309,375,E
"BotafogoRJ","SãoCaetano",25,287,E
"Flamengo","SãoPaulo",321,431,D
"Gama","Paysandu",25,180,V
"Goiás","AtléticoPR",344,345,E
"Guarani","Vasco",143,309,D
"Palmeiras","Portuguesa",278,27,V
"Fluminense","Paraná",340,309,V
"Guarani","Gama",143,25,V
"SãoPaulo","Coritiba",431,220,V
"Grêmio","BotafogoRJ",265,25,E
"AtléticoPR","PontePreta",345,245,D
"Corinthians","Figueirense",358,325,E
"Flamengo","SãoCaetano",321,287,V
"Goiás","Palmeiras",344,278,V
"Juventude","Portuguesa",308,27,E
"Paysandu","Bahia",180,76,V
"Santos","AtléticoMG",415,267,V
"Vitória","Cruzeiro",141,375,V
"Figueirense","SãoPaulo",325,431,D
"Palmeiras","Juventude",278,308,E
"Paraná","Vitória",309,141,V
"SãoCaetano","Vasco",287,309,V
"Bahia","AtléticoMG",76,267,V
"BotafogoRJ","Paysandu",25,180,V
"Coritiba","Guarani",220,143,D
"Cruzeiro","Santos",375,415,D
"Gama","Corinthians",25,358,D
"Internacional","Fluminense",371,340,E
"PontePreta","Goiás",245,344,V
"Portuguesa","AtléticoPR",27,345,E
"Bahia","PontePreta",76,245,V
"Coritiba","Grêmio",220,265,E
"Figueirense","AtléticoPR",325,345,V
"Gama","Juventude",25,308,V
"Internacional","Goiás",371,344,D
"Paysandu","Paraná",180,309,V
"SãoPaulo","Santos",431,415,V
"Vasco","Flamengo",309,321,V
"AtléticoMG","SãoCaetano",267,287,V
"BotafogoRJ","Vitória",25,141,D
"Palmeiras","Guarani",278,143,V
"Grêmio","Gama",265,25,V
"Santos","Portuguesa",415,27,D
"Vasco","Paraná",309,309,V
"AtléticoPR","Internacional",345,371,D
"Corinthians","PontePreta",358,245,V
"Cruzeiro","AtléticoMG",375,267,D
"Fluminense","Bahia",340,76,V
"Goiás","Figueirense",344,325,V
"Guarani","SãoPaulo",143,431,D
"Juventude","Coritiba",308,220,V
"SãoCaetano","Paysandu",287,180,V
"Vitória","Flamengo",141,321,D
"Bahia","Vasco",76,309,V
"Corinthians","Palmeiras",358,278,E
"Figueirense","Flamengo",325,321,V
"Fluminense","Goiás",340,344,E
"Paraná","Gama",309,25,V
"Paysandu","Santos",180,415,V
"PontePreta","Vitória",245,141,E
"Portuguesa","Guarani",27,143,V
"SãoCaetano","Cruzeiro",287,375,E
"AtléticoPR","Coritiba",345,220,V
"BotafogoRJ","Fluminense",25,340,D
"Gama","Goiás",25,344,D
"Internacional","Grêmio",371,265,D
"Juventude","Figueirense",308,325,V
"Portuguesa","SãoPaulo",27,431,D
"Santos","Flamengo",415,321,V
"Guarani","PontePreta",143,245,D
"AtléticoMG","Internacional",267,371,V
"Bahia","Santos",76,415,E
"Coritiba","Cruzeiro",220,375,V
"Figueirense","SãoCaetano",325,287,D
"Flamengo","Corinthians",321,358,D
"Grêmio","AtléticoPR",265,345,V
"Palmeiras","BotafogoRJ",278,25,V
"Paysandu","Goiás",180,344,D
"Fluminense","Vasco",340,309,V
"Paraná","Juventude",309,308,V
"SãoPaulo","PontePreta",431,245,V
"Flamengo","BotafogoRJ",321,25,V
"Guarani","Santos",143,415,D
"Internacional","Coritiba",371,220,D
"AtléticoPR","AtléticoMG",345,267,E
"Corinthians","Fluminense",358,340,D
"Cruzeiro","Grêmio",375,265,V
"Goiás","Paraná",344,309,V
"Paysandu","Figueirense",180,325,V
"PontePreta","Portuguesa",245,27,E
"SãoCaetano","Juventude",287,308,V
"Vasco","Palmeiras",309,278,V
"Vitória","Bahia",141,76,V
"AtléticoPR","Paysandu",345,180,V
"Figueirense","Grêmio",325,265,D
"Fluminense","Palmeiras",340,278,D
"Gama","Cruzeiro",25,375,D
"SãoCaetano","Internacional",287,371,E
"SãoPaulo","Vasco",431,309,V
"Vitória","Guarani",141,143,V
"AtléticoMG","Coritiba",267,220,V
"Corinthians","Portuguesa",358,27,V
"Paraná","BotafogoRJ",309,25,V
"Cruzeiro","AtléticoPR",375,345,V
"Grêmio","SãoCaetano",265,287,E
"Paysandu","Fluminense",180,340,V
"Santos","PontePreta",415,245,D
"Vasco","Vitória",309,141,V
"BotafogoRJ","Corinthians",25,358,V
"Coritiba","Paraná",220,309,V
"Goiás","AtléticoMG",344,267,V
"Guarani","Bahia",143,76,E
"Juventude","Internacional",308,371,V
"Portuguesa","Flamengo",27,321,D
"AtléticoMG","Gama",267,25,V
"Bahia","Corinthians",76,358,E
"Coritiba","Figueirense",220,325,D
"Internacional","Cruzeiro",371,375,D
"Juventude","Paysandu",308,180,E
"Palmeiras","Flamengo",278,321,E
"Vasco","PontePreta",309,245,V
"Fluminense","Portuguesa",340,27,V
"Guarani","BotafogoRJ",143,25,V
"Paraná","Grêmio",309,265,E
"SãoPaulo","Vitória",431,141,V
"AtléticoPR","Juventude",345,308,V
"BotafogoRJ","SãoPaulo",25,431,D
"Corinthians","Vasco",358,309,E
"Cruzeiro","Goiás",375,344,V
"Figueirense","Paraná",325,309,E
"Flamengo","Guarani",321,143,E
"Gama","Coritiba",25,220,V
"Grêmio","AtléticoMG",265,267,V
"Paysandu","Internacional",180,371,D
"PontePreta","Fluminense",245,340,D
"Portuguesa","Bahia",27,76,D
"SãoCaetano","Santos",287,415,V
"Vitória","Palmeiras",141,278,V
"Santos","SãoPaulo",415,431,V
"Fluminense","SãoCaetano",340,287,V
"AtléticoMG","Corinthians",267,358,D
"Grêmio","Juventude",265,308,E
"SãoCaetano","Fluminense",287,340,V
"Corinthians","AtléticoMG",358,267,V
"Juventude","Grêmio",308,265,D
"SãoPaulo","Santos",431,415,D
"Santos","Grêmio",415,265,V
"Fluminense","Corinthians",340,358,V
"Grêmio","Santos",265,415,V
"Corinthians","Fluminense",358,340,V
"Santos","Corinthians",415,358,V
"AtléticoPR","Grêmio",345,265,V
"Guarani","Vasco",143,309,V
"Corinthians","AtléticoMG",358,267,D
"Goiás","Paysandu",344,180,E
"Criciúma","Fluminense",110,340,V
"Cruzeiro","SãoCaetano",375,287,E
"Flamengo","Coritiba",321,220,E
"Fortaleza","Bahia",143,76,E
"Internacional","PontePreta",371,245,E
"Juventude","SãoPaulo",308,431,E
"Santos","Paraná",415,309,E
"Vitória","Figueirense",141,325,E
"Fluminense","Fortaleza",340,143,E
"AtléticoMG","Santos",267,415,E
"Grêmio","Guarani",265,143,V
"Coritiba","Internacional",220,371,D
"Bahia","Flamengo",76,321,D
"Vasco","Goiás",309,344,V
"Figueirense","Corinthians",325,358,E
"SãoPaulo","Cruzeiro",431,375,D
"Paysandu","Vitória",180,141,D
"PontePreta","Juventude",245,308,V
"Paraná","AtléticoPR",309,345,V
"SãoCaetano","Criciúma",287,110,V
"Paysandu","Santos",180,415,V
"Internacional","Bahia",371,76,V
"AtléticoPR","AtléticoMG",345,267,D
"Corinthians","Paysandu",358,180,V
"Santos","Figueirense",415,325,V
"Cruzeiro","PontePreta",375,245,V
"Vitória","Vasco",141,309,V
"Flamengo","Fluminense",321,340,V
"Criciúma","SãoPaulo",110,431,E
"Fortaleza","SãoCaetano",143,287,E
"Juventude","Coritiba",308,220,V
"Guarani","Paraná",143,309,V
"Goiás","Grêmio",344,265,E
"SãoCaetano","Flamengo",287,321,E
"Vasco","Corinthians",309,358,E
"Bahia","Juventude",76,308,V
"Grêmio","Vitória",265,141,V
"Coritiba","Cruzeiro",220,375,D
"AtléticoMG","Guarani",267,143,V
"Figueirense","AtléticoPR",325,345,E
"PontePreta","Criciúma",245,110,E
"Fluminense","Internacional",340,371,V
"Paraná","Goiás",309,344,V
"SãoPaulo","Fortaleza",431,143,V
"Flamengo","Santos",321,415,D
"Bahia","AtléticoMG",76,267,D
"SãoCaetano","Grêmio",287,265,E
"SãoPaulo","Vasco",431,309,V
"Fluminense","Paraná",340,309,E
"Cruzeiro","Goiás",375,344,V
"Internacional","Corinthians",371,358,V
"PontePreta","Paysandu",245,180,E
"Fortaleza","AtléticoPR",143,345,V
"Juventude","Vitória",308,141,E
"Criciúma","Guarani",110,143,V
"Coritiba","Figueirense",220,325,V
"AtléticoMG","Coritiba",267,220,D
"Paraná","Bahia",309,76,V
"Guarani","Cruzeiro",143,375,E
"Vitória","Internacional",141,371,D
"Grêmio","Fluminense",265,340,D
"Corinthians","Flamengo",358,321,E
"Vasco","SãoCaetano",309,287,V
"Goiás","Juventude",344,308,V
"Paysandu","SãoPaulo",180,431,V
"Santos","Fortaleza",415,143,V
"AtléticoPR","Criciúma",345,110,V
"Figueirense","PontePreta",325,245,E
"Bahia","Grêmio",76,265,V
"Cruzeiro","AtléticoPR",375,345,V
"Flamengo","Vitória",321,141,V
"Coritiba","Paraná",220,309,V
"Criciúma","Santos",110,415,D
"Fluminense","Vasco",340,309,E
"Fortaleza","Corinthians",143,358,D
"Internacional","Goiás",371,344,V
"Juventude","Guarani",308,143,E
"PontePreta","AtléticoMG",245,267,V
"SãoCaetano","Paysandu",287,180,V
"SãoPaulo","Figueirense",431,325,V
"Corinthians","Criciúma",358,110,V
"Goiás","Flamengo",344,321,E
"Paraná","PontePreta",309,245,V
"Santos","Cruzeiro",415,375,D
"AtléticoMG","SãoPaulo",267,431,E
"AtléticoPR","Juventude",345,308,V
"Figueirense","SãoCaetano",325,287,V
"Grêmio","Coritiba",265,220,V
"Guarani","Internacional",143,371,V
"Paysandu","Fluminense",180,340,E
"Vasco","Bahia",309,76,E
"Vitória","Fortaleza",141,143,V
"Juventude","Santos",308,415,E
"Fluminense","Figueirense",340,325,V
"SãoCaetano","AtléticoMG",287,267,V
"Bahia","Paysandu",76,180,V
"SãoPaulo","Paraná",431,309,V
"Coritiba","Vasco",220,309,E
"Criciúma","Vitória",110,141,E
"Cruzeiro","Corinthians",375,358,E
"Flamengo","Guarani",321,143,E
"Fortaleza","Goiás",143,344,V
"Internacional","AtléticoPR",371,345,E
"PontePreta","Grêmio",245,265,V
"AtléticoMG","Fluminense",267,340,V
"Corinthians","Juventude",358,308,V
"Paraná","SãoCaetano",309,287,E
"Vasco","PontePreta",309,245,V
"AtléticoPR","Flamengo",345,321,V
"Figueirense","Bahia",325,76,V
"Goiás","Criciúma",344,110,D
"Grêmio","SãoPaulo",265,431,D
"Guarani","Fortaleza",143,143,V
"Paysandu","Coritiba",180,220,D
"Santos","Internacional",415,371,V
"Vitória","Cruzeiro",141,375,V
"Coritiba","Guarani",220,143,V
"Cruzeiro","Criciúma",375,110,V
"Fluminense","AtléticoPR",340,345,V
"Internacional","Paysandu",371,180,V
"PontePreta","SãoCaetano",245,287,E
"Bahia","Goiás",76,344,V
"Corinthians","Vitória",358,141,V
"Figueirense","Grêmio",325,265,V
"Fortaleza","Juventude",143,308,V
"Paraná","Flamengo",309,321,V
"Santos","SãoPaulo",415,431,V
"Vasco","AtléticoMG",309,267,E
"AtléticoMG","Figueirense",267,325,E
"Grêmio","Fortaleza",265,143,V
"Guarani","Santos",143,415,D
"Vitória","Fluminense",141,340,V
"AtléticoPR","PontePreta",345,245,V
"Criciúma","Internacional",110,371,V
"Goiás","Coritiba",344,220,D
"Juventude","Vasco",308,309,E
"Paysandu","Paraná",180,309,V
"SãoCaetano","Corinthians",287,358,V
"SãoPaulo","Bahia",431,76,E
"Fluminense","Goiás",340,344,D
"PontePreta","Guarani",245,143,D
"Coritiba","AtléticoPR",220,345,V
"Bahia","Vitória",76,141,V
"Corinthians","SãoPaulo",358,431,D
"Criciúma","Figueirense",110,325,V
"Cruzeiro","AtléticoMG",375,267,E
"Fortaleza","Paysandu",143,180,D
"Grêmio","Internacional",265,371,E
"Paraná","Juventude",309,308,D
"Santos","SãoCaetano",415,287,D
"Vasco","Flamengo",309,321,D
"Flamengo","Cruzeiro",321,375,V
"Bahia","Coritiba",76,220,E
"AtléticoMG","Grêmio",267,265,V
"SãoPaulo","Goiás",431,344,V
"Vasco","Criciúma",309,110,V
"Internacional","Paraná",371,309,V
"Figueirense","Fortaleza",325,143,E
"Fluminense","Guarani",340,143,V
"Juventude","Cruzeiro",308,375,D
"Paysandu","Flamengo",180,321,E
"PontePreta","Corinthians",245,358,E
"SãoCaetano","Vitória",287,141,V
"Coritiba","SãoCaetano",220,287,V
"Flamengo","Figueirense",321,325,D
"Fortaleza","Vasco",143,309,D
"Grêmio","Juventude",265,308,D
"Santos","Bahia",415,76,V
"Corinthians","Fluminense",358,340,V
"Criciúma","Paysandu",110,180,V
"Cruzeiro","Internacional",375,371,V
"Guarani","SãoPaulo",143,431,D
"Paraná","AtléticoMG",309,267,E
"Vitória","AtléticoPR",141,345,V
"Vasco","Paraná",309,309,D
"SãoPaulo","SãoCaetano",431,287,E
"AtléticoMG","Paysandu",267,180,V
"Figueirense","Cruzeiro",325,375,V
"Juventude","Internacional",308,371,E
"Grêmio","Flamengo",265,321,V
"Fluminense","Bahia",340,76,V
"Guarani","Goiás",143,344,V
"AtléticoPR","Corinthians",345,358,V
"Fortaleza","Criciúma",143,110,D
"Vitória","PontePreta",141,245,D
"Santos","Coritiba",415,220,V
"Cruzeiro","Fortaleza",375,143,V
"Bahia","Guarani",76,143,V
"SãoCaetano","AtléticoPR",287,345,E
"Flamengo","Juventude",321,308,V
"Internacional","Vasco",371,309,V
"Goiás","Vitória",344,141,E
"Coritiba","SãoPaulo",220,431,D
"Paysandu","Figueirense",180,325,V
"Corinthians","Santos",358,415,E
"Paraná","Grêmio",309,265,V
"PontePreta","Fluminense",245,340,V
"Criciúma","AtléticoMG",110,267,V
"AtléticoPR","Goiás",345,344,E
"Fortaleza","Internacional",143,371,V
"Vasco","Paysandu",309,180,D
"AtléticoMG","Flamengo",267,321,V
"Corinthians","Coritiba",358,220,D
"Criciúma","Juventude",110,308,V
"Figueirense","Paraná",325,309,V
"Fluminense","SãoPaulo",340,431,D
"Grêmio","Cruzeiro",265,375,D
"PontePreta","Bahia",245,76,V
"SãoCaetano","Guarani",287,143,D
"Vitória","Santos",141,415,V
"Bahia","SãoCaetano",76,287,E
"Coritiba","Fluminense",220,340,V
"Cruzeiro","Vasco",375,309,V
"Flamengo","Fortaleza",321,143,D
"Goiás","Corinthians",344,358,E
"Guarani","Vitória",143,141,E
"Internacional","AtléticoMG",371,267,E
"Juventude","Figueirense",308,325,D
"Santos","PontePreta",415,245,V
"Paysandu","Grêmio",180,265,E
"SãoPaulo","AtléticoPR",431,345,V
"Corinthians","Guarani",358,143,V
"Fluminense","Santos",340,415,D
"Fortaleza","AtléticoMG",143,267,V
"Internacional","Figueirense",371,325,V
"Juventude","Paysandu",308,180,V
"AtléticoPR","Bahia",345,76,V
"Criciúma","Flamengo",110,321,V
"Cruzeiro","Paraná",375,309,V
"Goiás","SãoCaetano",344,287,V
"PontePreta","Coritiba",245,220,E
"Vasco","Grêmio",309,265,V
"Vitória","SãoPaulo",141,431,D
"AtléticoMG","Juventude",267,308,V
"Bahia","Corinthians",76,358,E
"Figueirense","Vasco",325,309,E
"Guarani","AtléticoPR",143,345,V
"Paraná","Fortaleza",309,143,V
"Paysandu","Cruzeiro",180,375,V
"Santos","Goiás",415,344,E
"Coritiba","Vitória",220,141,E
"Flamengo","Internacional",321,371,V
"Grêmio","Criciúma",265,110,D
"SãoCaetano","Fluminense",287,340,V
"SãoPaulo","PontePreta",431,245,D
"AtléticoPR","Paysandu",345,180,E
"Goiás","AtléticoMG",344,267,E
"Santos","Vasco",415,309,V
"Corinthians","Grêmio",358,265,V
"Criciúma","Coritiba",110,220,D
"Cruzeiro","Bahia",375,76,V
"Flamengo","SãoPaulo",321,431,E
"Fortaleza","PontePreta",143,245,D
"Guarani","Figueirense",143,325,V
"Internacional","SãoCaetano",371,287,E
"Juventude","Fluminense",308,340,V
"Vitória","Paraná",141,309,D
"AtléticoPR","Santos",345,415,D
"Goiás","PontePreta",344,245,E
"Paraná","Criciúma",309,110,V
"Fluminense","Cruzeiro",340,375,E
"Grêmio","Santos",265,415,V
"SãoCaetano","Juventude",287,308,E
"SãoPaulo","Internacional",431,371,D
"AtléticoMG","Vitória",267,141,V
"Bahia","Criciúma",76,110,E
"Coritiba","Fortaleza",220,143,E
"Figueirense","Goiás",325,344,D
"Paraná","Corinthians",309,358,E
"Paysandu","Guarani",180,143,V
"PontePreta","Flamengo",245,321,E
"Vasco","AtléticoPR",309,345,V
"AtléticoPR","Paraná",345,309,V
"Criciúma","SãoCaetano",110,287,D
"Cruzeiro","SãoPaulo",375,431,E
"Fortaleza","Fluminense",143,340,V
"Goiás","Vasco",344,309,V
"Juventude","PontePreta",308,245,E
"Santos","AtléticoMG",415,267,E
"Vitória","Paysandu",141,180,E
"Corinthians","Figueirense",358,325,D
"Flamengo","Bahia",321,76,V
"Guarani","Grêmio",143,265,V
"Internacional","Coritiba",371,220,V
"Fluminense","Criciúma",340,110,E
"Paraná","Santos",309,415,D
"SãoCaetano","Cruzeiro",287,375,V
"SãoPaulo","Juventude",431,308,V
"AtléticoMG","Corinthians",267,358,D
"Bahia","Fortaleza",76,143,V
"Coritiba","Flamengo",220,321,V
"Figueirense","Vitória",325,141,D
"Grêmio","AtléticoPR",265,345,E
"Paysandu","Goiás",180,344,E
"PontePreta","Internacional",245,371,D
"Vasco","Guarani",309,143,E
"AtléticoMG","AtléticoPR",267,345,D
"Bahia","Internacional",76,371,D
"Coritiba","Juventude",220,308,V
"Figueirense","Santos",325,415,V
"SãoPaulo","Criciúma",431,110,E
"Vasco","Vitória",309,141,V
"Fluminense","Flamengo",340,321,D
"Grêmio","Goiás",265,344,D
"Paraná","Guarani",309,143,E
"Paysandu","Corinthians",180,358,E
"PontePreta","Cruzeiro",245,375,D
"SãoCaetano","Fortaleza",287,143,V
"AtléticoPR","Figueirense",345,325,D
"Corinthians","Vasco",358,309,E
"Cruzeiro","Coritiba",375,220,E
"Flamengo","SãoCaetano",321,287,V
"Fortaleza","SãoPaulo",143,431,D
"Goiás","Paraná",344,309,V
"Juventude","Bahia",308,76,V
"Santos","Paysandu",415,180,V
"Vitória","Grêmio",141,265,V
"Guarani","AtléticoMG",143,267,E
"Criciúma","PontePreta",110,245,V
"Internacional","Fluminense",371,340,D
"AtléticoPR","Fortaleza",345,143,V
"Goiás","Cruzeiro",344,375,V
"Grêmio","SãoCaetano",265,287,E
"Santos","Flamengo",415,321,V
"AtléticoMG","Bahia",267,76,V
"Corinthians","Internacional",358,371,V
"Figueirense","Coritiba",325,220,D
"Guarani","Criciúma",143,110,V
"Paraná","Fluminense",309,340,V
"Paysandu","PontePreta",180,245,V
"Vasco","SãoPaulo",309,431,V
"Vitória","Juventude",141,308,V
"Cruzeiro","Guarani",375,143,V
"Fluminense","Grêmio",340,265,V
"Fortaleza","Santos",143,415,E
"Internacional","Vitória",371,141,D
"SãoPaulo","Paysandu",431,180,V
"Bahia","Paraná",76,309,V
"Coritiba","AtléticoMG",220,267,E
"Criciúma","AtléticoPR",110,345,V
"Flamengo","Corinthians",321,358,V
"Juventude","Goiás",308,344,D
"PontePreta","Figueirense",245,325,E
"SãoCaetano","Vasco",287,309,V
"AtléticoPR","Cruzeiro",345,375,D
"Corinthians","Fortaleza",358,143,V
"Grêmio","Bahia",265,76,E
"Santos","Criciúma",415,110,V
"AtléticoMG","PontePreta",267,245,V
"Figueirense","SãoPaulo",325,431,E
"Goiás","Internacional",344,371,V
"Guarani","Juventude",143,308,V
"Paraná","Coritiba",309,220,D
"Paysandu","SãoCaetano",180,287,V
"Vasco","Fluminense",309,340,V
"Vitória","Flamengo",141,321,V
"Coritiba","Grêmio",220,265,V
"Cruzeiro","Santos",375,415,V
"PontePreta","Paraná",245,309,V
"Fluminense","Paysandu",340,180,E
"Internacional","Guarani",371,143,V
"Bahia","Vasco",76,309,V
"Criciúma","Corinthians",110,358,V
"Flamengo","Goiás",321,344,E
"Fortaleza","Vitória",143,141,V
"Juventude","AtléticoPR",308,345,V
"SãoCaetano","Figueirense",287,325,D
"SãoPaulo","AtléticoMG",431,267,E
"Goiás","Fortaleza",344,143,D
"Paysandu","Bahia",180,76,V
"Vitória","Criciúma",141,110,E
"Grêmio","PontePreta",265,245,E
"AtléticoPR","Internacional",345,371,V
"Santos","Juventude",415,308,E
"Guarani","Flamengo",143,321,V
"Paraná","SãoPaulo",309,431,V
"Corinthians","Cruzeiro",358,375,D
"AtléticoMG","SãoCaetano",267,287,V
"Figueirense","Fluminense",325,340,E
"Vasco","Coritiba",309,220,V
"Flamengo","AtléticoPR",321,345,V
"Internacional","Santos",371,415,V
"SãoPaulo","Grêmio",431,265,V
"Bahia","Figueirense",76,325,E
"Coritiba","Paysandu",220,180,V
"Criciúma","Goiás",110,344,V
"Cruzeiro","Vitória",375,141,V
"Fluminense","AtléticoMG",340,267,D
"Fortaleza","Guarani",143,143,V
"Juventude","Corinthians",308,358,V
"PontePreta","Vasco",245,309,E
"SãoCaetano","Paraná",287,309,V
"AtléticoPR","Fluminense",345,340,E
"Paysandu","Internacional",180,371,E
"Grêmio","Figueirense",265,325,V
"SãoCaetano","PontePreta",287,245,V
"SãoPaulo","Santos",431,415,D
"Vitória","Corinthians",141,358,D
"Flamengo","Paraná",321,309,D
"Goiás","Bahia",344,76,V
"AtléticoMG","Vasco",267,309,V
"Juventude","Fortaleza",308,143,E
"Criciúma","Cruzeiro",110,375,D
"Guarani","Coritiba",143,220,V
"Cruzeiro","Flamengo",375,321,V
"Coritiba","Goiás",220,344,V
"Bahia","SãoPaulo",76,431,V
"Santos","Guarani",415,143,E
"PontePreta","AtléticoPR",245,345,E
"Fortaleza","Grêmio",143,265,E
"Vasco","Juventude",309,308,E
"Corinthians","SãoCaetano",358,287,D
"Fluminense","Vitória",340,141,V
"Paraná","Paysandu",309,180,V
"Figueirense","AtléticoMG",325,267,D
"Internacional","Criciúma",371,110,V
"SãoCaetano","Santos",287,415,E
"AtléticoPR","Coritiba",345,220,V
"Guarani","PontePreta",143,245,D
"Vitória","Bahia",141,76,V
"Flamengo","Vasco",321,309,V
"Goiás","Fluminense",344,340,V
"SãoPaulo","Corinthians",431,358,V
"AtléticoMG","Cruzeiro",267,375,D
"Internacional","Grêmio",371,265,D
"Juventude","Paraná",308,309,E
"Figueirense","Criciúma",325,110,V
"Paysandu","Fortaleza",180,143,V
"Coritiba","Bahia",220,76,V
"Grêmio","AtléticoMG",265,267,E
"Flamengo","Paysandu",321,180,V
"Goiás","SãoPaulo",344,431,V
"Guarani","Fluminense",143,340,V
"Corinthians","PontePreta",358,245,V
"Santos","AtléticoPR",415,345,V
"Paraná","Internacional",309,371,V
"Criciúma","Vasco",110,309,V
"Fortaleza","Figueirense",143,325,E
"Vitória","SãoCaetano",141,287,E
"Cruzeiro","Juventude",375,308,D
"SãoCaetano","Coritiba",287,220,V
"Figueirense","Flamengo",325,321,E
"Fluminense","Corinthians",340,358,V
"PontePreta","Goiás",245,344,D
"Bahia","Santos",76,415,D
"AtléticoPR","Vitória",345,141,D
"Internacional","Cruzeiro",371,375,V
"Paysandu","Criciúma",180,110,V
"AtléticoMG","Paraná",267,309,E
"Juventude","Grêmio",308,265,D
"Vasco","Fortaleza",309,143,E
"SãoPaulo","Guarani",431,143,E
"Bahia","Fluminense",76,340,E
"Cruzeiro","Figueirense",375,325,V
"Coritiba","Santos",220,415,D
"PontePreta","Vitória",245,141,E
"Paysandu","AtléticoMG",180,267,V
"Paraná","Vasco",309,309,E
"Flamengo","Grêmio",321,265,V
"Corinthians","AtléticoPR",358,345,D
"SãoCaetano","SãoPaulo",287,431,D
"Criciúma","Fortaleza",110,143,E
"Internacional","Juventude",371,308,E
"Goiás","Guarani",344,143,V
"Guarani","Bahia",143,76,V
"AtléticoPR","SãoCaetano",345,287,V
"Grêmio","Paraná",265,309,D
"Fluminense","PontePreta",340,245,E
"AtléticoMG","Criciúma",267,110,E
"SãoPaulo","Coritiba",431,220,V
"Fortaleza","Cruzeiro",143,375,D
"Vasco","Internacional",309,371,D
"Figueirense","Paysandu",325,180,V
"Vitória","Goiás",141,344,D
"Santos","Corinthians",415,358,V
"Juventude","Flamengo",308,321,E
"Paysandu","Vasco",180,309,D
"Juventude","Criciúma",308,110,V
"SãoPaulo","Fluminense",431,340,V
"Coritiba","Corinthians",220,358,V
"Santos","Vitória",415,141,V
"Cruzeiro","Grêmio",375,265,V
"Internacional","Fortaleza",371,143,E
"Paraná","Figueirense",309,325,E
"Guarani","SãoCaetano",143,287,D
"Bahia","PontePreta",76,245,V
"Goiás","AtléticoPR",344,345,V
"Flamengo","AtléticoMG",321,267,V
"Fluminense","Coritiba",340,220,V
"Criciúma","Paraná",110,309,D
"Grêmio","Paysandu",265,180,V
"PontePreta","Santos",245,415,D
"Vitória","Guarani",141,143,E
"Figueirense","Juventude",325,308,V
"Fortaleza","Flamengo",143,321,V
"Vasco","Cruzeiro",309,375,D
"Corinthians","Goiás",358,344,V
"AtléticoPR","SãoPaulo",345,431,V
"AtléticoMG","Internacional",267,371,D
"SãoCaetano","Bahia",287,76,V
"AtléticoMG","Fortaleza",267,143,V
"Coritiba","PontePreta",220,245,E
"Figueirense","Internacional",325,371,V
"Flamengo","Criciúma",321,110,V
"Grêmio","Vasco",265,309,V
"Santos","Fluminense",415,340,V
"SãoPaulo","Vitória",431,141,V
"Paraná","Cruzeiro",309,375,D
"SãoCaetano","Goiás",287,344,V
"Guarani","Corinthians",143,358,D
"Paysandu","Juventude",180,308,V
"Bahia","AtléticoPR",76,345,D
"Vasco","Figueirense",309,325,V
"Juventude","AtléticoMG",308,267,V
"Fluminense","SãoCaetano",340,287,V
"Internacional","Flamengo",371,321,V
"AtléticoPR","Guarani",345,143,V
"Cruzeiro","Paysandu",375,180,V
"Corinthians","Bahia",358,76,D
"Goiás","Santos",344,415,V
"PontePreta","SãoPaulo",245,431,D
"Fortaleza","Paraná",143,309,V
"Vitória","Coritiba",141,220,V
"Criciúma","Grêmio",110,265,D
"Vitória","AtléticoMG",141,267,D
"AtléticoPR","Vasco",345,309,E
"Goiás","Figueirense",344,325,D
"Corinthians","Paraná",358,309,E
"Cruzeiro","Fluminense",375,340,V
"Guarani","Paysandu",143,180,V
"Fortaleza","Coritiba",143,220,E
"Internacional","SãoPaulo",371,431,E
"Flamengo","PontePreta",321,245,E
"Criciúma","Bahia",110,76,V
"Santos","Grêmio",415,265,E
"Juventude","SãoCaetano",308,287,V
"AtléticoMG","Goiás",267,344,V
"Paraná","Vitória",309,141,V
"SãoCaetano","Internacional",287,371,V
"Coritiba","Criciúma",220,110,V
"Figueirense","Guarani",325,143,V
"SãoPaulo","Flamengo",431,321,D
"Vasco","Santos",309,415,E
"Fluminense","Juventude",340,308,V
"Grêmio","Corinthians",265,358,V
"Paysandu","AtléticoPR",180,345,E
"PontePreta","Fortaleza",245,143,V
"Bahia","Cruzeiro",76,375,D
"Botafogo","Goiás",219,344,D
"Figueirense","Internacional",325,371,V
"SãoCaetano","Vitória",287,141,V
"Cruzeiro","Juventude",375,308,V
"Palmeiras","AtléticoMG",278,267,E
"Grêmio","Flamengo",265,321,E
"PontePreta","Corinthians",245,358,V
"Paraná","Santos",309,415,V
"Coritiba","Guarani",220,143,V
"Vasco","Criciúma",309,110,D
"Paysandu","Fluminense",180,340,E
"SãoPaulo","AtléticoPR",431,345,V
"Flamengo","PontePreta",321,245,E
"Goiás","Cruzeiro",344,375,E
"Juventude","Grêmio",308,265,E
"Internacional","Palmeiras",371,278,V
"AtléticoMG","Vasco",267,309,E
"Fluminense","Coritiba",340,220,E
"Corinthians","Paysandu",358,180,V
"Guarani","SãoCaetano",143,287,E
"AtléticoPR","Figueirense",345,325,D
"Vitória","Paraná",141,309,V
"Criciúma","SãoPaulo",110,431,E
"Santos","Botafogo",415,219,V
"Botafogo","AtléticoMG",219,267,E
"Coritiba","Internacional",220,371,E
"Cruzeiro","Criciúma",375,110,E
"Paysandu","AtléticoPR",180,345,D
"PontePreta","Goiás",245,344,V
"Figueirense","Santos",325,415,V
"Grêmio","Corinthians",265,358,V
"SãoPaulo","Fluminense",431,340,V
"Vasco","Guarani",309,143,D
"Paraná","Flamengo",309,321,V
"Palmeiras","Vitória",278,141,E
"AtléticoMG","PontePreta",267,245,D
"Criciúma","Botafogo",110,219,V
"Goiás","Grêmio",344,265,V
"Internacional","Paysandu",371,180,V
"AtléticoPR","Coritiba",345,220,E
"Corinthians","Palmeiras",358,278,D
"Flamengo","SãoCaetano",321,287,E
"Fluminense","Vasco",340,309,V
"Guarani","SãoPaulo",143,431,D
"Juventude","Paraná",308,309,V
"Santos","Cruzeiro",415,375,D
"Vitória","Figueirense",141,325,V
"Guarani","AtléticoPR",143,345,E
"Palmeiras","PontePreta",278,245,V
"Paraná","Cruzeiro",309,375,V
"Vasco","Grêmio",309,265,E
"Santos","Juventude",415,308,V
"SãoCaetano","Criciúma",287,110,V
"AtléticoMG","Corinthians",267,358,E
"Botafogo","Paysandu",219,180,E
"Coritiba","SãoPaulo",220,431,D
"Goiás","Figueirense",344,325,V
"Internacional","Fluminense",371,340,E
"Vitória","Flamengo",141,321,V
"AtléticoPR","Santos",345,415,V
"Paysandu","Vasco",180,309,D
"Corinthians","Guarani",358,143,V
"Fluminense","Vitória",340,141,V
"Criciúma","Goiás",110,344,V
"Cruzeiro","Palmeiras",375,278,V
"Figueirense","SãoCaetano",325,287,V
"Flamengo","Internacional",321,371,D
"Grêmio","Botafogo",265,219,E
"Juventude","AtléticoMG",308,267,E
"PontePreta","Coritiba",245,220,E
"SãoPaulo","Paraná",431,309,E
"Botafogo","Figueirense",219,325,E
"Coritiba","AtléticoMG",220,267,D
"Internacional","Goiás",371,344,V
"Paysandu","Grêmio",180,265,D
"Corinthians","AtléticoPR",358,345,D
"Criciúma","Vitória",110,141,V
"Cruzeiro","SãoPaulo",375,431,V
"Flamengo","Fluminense",321,340,D
"Juventude","Guarani",308,143,V
"Paraná","PontePreta",309,245,D
"Santos","Palmeiras",415,278,D
"SãoCaetano","Vasco",287,309,V
"Fluminense","Criciúma",340,110,E
"Palmeiras","Coritiba",278,220,V
"PontePreta","Juventude",245,308,D
"Vitória","Internacional",141,371,V
"Figueirense","Paysandu",325,180,E
"AtléticoMG","Santos",267,415,E
"AtléticoPR","Cruzeiro",345,375,V
"Goiás","Flamengo",344,321,E
"Grêmio","SãoCaetano",265,287,D
"Guarani","Paraná",143,309,V
"SãoPaulo","Corinthians",431,358,E
"Vasco","Botafogo",309,219,V
"Fluminense","Guarani",340,143,E
"Internacional","AtléticoMG",371,267,V
"Paraná","Botafogo",309,219,E
"SãoPaulo","Grêmio",431,265,V
"Coritiba","SãoCaetano",220,287,V
"Criciúma","Juventude",110,308,V
"Cruzeiro","Paysandu",375,180,V
"Flamengo","AtléticoPR",321,345,V
"Goiás","Corinthians",344,358,E
"Palmeiras","Vasco",278,309,E
"PontePreta","Figueirense",245,325,D
"Vitória","Santos",141,415,D
"AtléticoPR","Vitória",345,141,D
"Figueirense","Cruzeiro",325,375,E
"Grêmio","Coritiba",265,220,E
"Vasco","Paraná",309,309,E
"AtléticoMG","Fluminense",267,340,V
"Botafogo","PontePreta",219,245,D
"Corinthians","Flamengo",358,321,E
"Guarani","Criciúma",143,110,V
"Juventude","Goiás",308,344,E
"Paysandu","SãoPaulo",180,431,V
"Santos","Internacional",415,371,V
"SãoCaetano","Palmeiras",287,278,E
"SãoCaetano","Juventude",287,308,V
"Santos","Guarani",415,143,V
"Coritiba","Paraná",220,309,E
"Criciúma","Grêmio",110,265,D
"Flamengo","Figueirense",321,325,D
"AtléticoMG","AtléticoPR",267,345,D
"Botafogo","Fluminense",219,340,E
"Goiás","SãoCaetano",344,287,V
"Internacional","Vasco",371,309,D
"Juventude","Corinthians",308,358,V
"Palmeiras","SãoPaulo",278,431,V
"Paysandu","Vitória",180,141,V
"PontePreta","Cruzeiro",245,375,V
"AtléticoPR","Juventude",345,308,V
"Figueirense","Vasco",325,309,E
"Fluminense","Grêmio",340,265,V
"Guarani","AtléticoMG",143,267,E
"Internacional","Criciúma",371,110,V
"SãoPaulo","PontePreta",431,245,V
"Vitória","Goiás",141,344,E
"Corinthians","Santos",358,415,D
"Cruzeiro","Coritiba",375,220,D
"Flamengo","Paysandu",321,180,V
"Paraná","Palmeiras",309,278,D
"SãoCaetano","Botafogo",287,219,D
"Goiás","Fluminense",344,340,V
"Grêmio","Figueirense",265,325,E
"SãoPaulo","AtléticoMG",431,267,V
"Vasco","Vitória",309,141,V
"Botafogo","Internacional",219,371,V
"Coritiba","Corinthians",220,358,D
"Criciúma","Flamengo",110,321,E
"Cruzeiro","Guarani",375,143,V
"Palmeiras","Juventude",278,308,V
"Paraná","AtléticoPR",309,345,V
"Paysandu","SãoCaetano",180,287,E
"PontePreta","Santos",245,415,D
"AtléticoMG","Cruzeiro",267,375,V
"AtléticoPR","Palmeiras",345,278,E
"Corinthians","Paraná",358,309,V
"Figueirense","Criciúma",325,110,V
"Flamengo","Vasco",321,309,D
"Fluminense","SãoCaetano",340,287,V
"Goiás","Paysandu",344,180,V
"Internacional","Grêmio",371,265,V
"Juventude","Coritiba",308,220,V
"PontePreta","Guarani",245,143,V
"Santos","SãoPaulo",415,431,V
"Vitória","Botafogo",141,219,V
"AtléticoMG","Vitória",267,141,E
"AtléticoPR","Goiás",345,344,V
"Botafogo","Palmeiras",219,278,E
"Corinthians","Criciúma",358,110,V
"Figueirense","Paraná",325,309,E
"Grêmio","Cruzeiro",265,375,D
"Guarani","Internacional",143,371,V
"Juventude","Fluminense",308,340,V
"Paysandu","PontePreta",180,245,V
"Santos","Flamengo",415,321,V
"SãoCaetano","SãoPaulo",287,431,E
"Vasco","Coritiba",309,220,D
"Coritiba","Paysandu",220,180,E
"Criciúma","AtléticoMG",110,267,V
"Cruzeiro","Botafogo",375,219,V
"Flamengo","Juventude",321,308,D
"Fluminense","Santos",340,415,V
"Goiás","Guarani",344,143,V
"Internacional","AtléticoPR",371,345,V
"Palmeiras","Grêmio",278,265,V
"Paraná","SãoCaetano",309,287,D
"PontePreta","Vasco",245,309,V
"SãoPaulo","Figueirense",431,325,V
"Vitória","Corinthians",141,358,E
"Paysandu","Palmeiras",180,278,V
"AtléticoMG","Goiás",267,344,D
"Guarani","Flamengo",143,321,D
"Grêmio","Paraná",265,309,V
"Vasco","Cruzeiro",309,375,V
"Corinthians","Internacional",358,371,E
"Figueirense","Coritiba",325,220,E
"SãoCaetano","PontePreta",287,245,D
"Juventude","Vitória",308,141,V
"Santos","Criciúma",415,110,V
"AtléticoPR","Fluminense",345,340,V
"Botafogo","SãoPaulo",219,431,V
"Coritiba","Botafogo",220,219,V
"Criciúma","AtléticoPR",110,345,V
"Cruzeiro","SãoCaetano",375,287,D
"Flamengo","AtléticoMG",321,267,E
"Fluminense","Corinthians",340,358,V
"Goiás","Santos",344,415,E
"Internacional","Juventude",371,308,D
"Palmeiras","Figueirense",278,325,E
"Paraná","Paysandu",309,180,V
"PontePreta","Grêmio",245,265,V
"SãoPaulo","Vasco",431,309,V
"Vitória","Guarani",141,143,V
"AtléticoPR","PontePreta",345,245,V
"Botafogo","Flamengo",219,321,E
"Corinthians","Cruzeiro",358,375,V
"Figueirense","Fluminense",325,340,V
"Grêmio","Vitória",265,141,V
"Guarani","Palmeiras",143,278,V
"Juventude","SãoPaulo",308,431,D
"Paysandu","Criciúma",180,110,E
"AtléticoMG","Paraná",267,309,V
"Santos","Coritiba",415,220,V
"SãoCaetano","Internacional",287,371,V
"Vasco","Goiás",309,344,V
"AtléticoPR","Grêmio",345,265,E
"Fluminense","Cruzeiro",340,375,E
"AtléticoMG","Figueirense",267,325,V
"Corinthians","SãoCaetano",358,287,V
"Criciúma","PontePreta",110,245,V
"Flamengo","Palmeiras",321,278,D
"Goiás","Paraná",344,309,V
"Guarani","Botafogo",143,219,D
"Internacional","SãoPaulo",371,431,E
"Juventude","Vasco",308,309,E
"Santos","Paysandu",415,180,V
"Vitória","Coritiba",141,220,E
"Coritiba","Flamengo",220,321,V
"Figueirense","Guarani",325,143,E
"Grêmio","Santos",265,415,V
"Palmeiras","Goiás",278,344,D
"Paraná","Criciúma",309,110,D
"Paysandu","AtléticoMG",180,267,V
"PontePreta","Fluminense",245,340,V
"SãoCaetano","AtléticoPR",287,345,D
"Vasco","Corinthians",309,358,D
"Botafogo","Juventude",219,308,D
"Cruzeiro","Internacional",375,371,V
"SãoPaulo","Vitória",431,141,V
"AtléticoMG","Grêmio",267,265,V
"Fluminense","Paraná",340,309,V
"Goiás","Coritiba",344,220,D
"Santos","SãoCaetano",415,287,D
"AtléticoPR","Vasco",345,309,V
"Corinthians","Botafogo",358,219,E
"Criciúma","Palmeiras",110,278,D
"Flamengo","SãoPaulo",321,431,V
"Guarani","Paysandu",143,180,E
"Internacional","PontePreta",371,245,D
"Juventude","Figueirense",308,325,E
"Vitória","Cruzeiro",141,375,V
"Cruzeiro","Flamengo",375,321,V
"Figueirense","Corinthians",325,358,D
"Grêmio","Guarani",265,143,E
"Paraná","Internacional",309,371,D
"Paysandu","Juventude",180,308,D
"PontePreta","Vitória",245,141,V
"SãoPaulo","Goiás",431,344,V
"Vasco","Santos",309,415,D
"Botafogo","AtléticoPR",219,345,E
"Coritiba","Criciúma",220,110,V
"Palmeiras","Fluminense",278,340,V
"SãoCaetano","AtléticoMG",287,267,E
"Corinthians","PontePreta",358,245,V
"Flamengo","Grêmio",321,265,V
"Internacional","Figueirense",371,325,V
"Juventude","Cruzeiro",308,375,V
"AtléticoMG","Palmeiras",267,278,D
"AtléticoPR","SãoPaulo",345,431,V
"Criciúma","Vasco",110,309,V
"Fluminense","Paysandu",340,180,E
"Goiás","Botafogo",344,219,V
"Guarani","Coritiba",143,220,E
"Santos","Paraná",415,309,V
"Vitória","SãoCaetano",141,287,D
"Botafogo","Santos",219,415,V
"Cruzeiro","Goiás",375,344,D
"Figueirense","AtléticoPR",325,345,E
"Grêmio","Juventude",265,308,D
"Palmeiras","Internacional",278,371,V
"Paraná","Vitória",309,141,V
"Paysandu","Corinthians",180,358,V
"PontePreta","Flamengo",245,321,V
"SãoCaetano","Guarani",287,143,V
"Coritiba","Fluminense",220,340,V
"SãoPaulo","Criciúma",431,110,V
"Vasco","AtléticoMG",309,267,V
"Corinthians","Grêmio",358,265,E
"Flamengo","Paraná",321,309,V
"Santos","Figueirense",415,325,V
"AtléticoMG","Botafogo",267,219,E
"AtléticoPR","Paysandu",345,180,V
"Criciúma","Cruzeiro",110,375,D
"Fluminense","SãoPaulo",340,431,V
"Goiás","PontePreta",344,245,V
"Guarani","Vasco",143,309,E
"Internacional","Coritiba",371,220,E
"Juventude","SãoCaetano",308,287,E
"Vitória","Palmeiras",141,278,E
"Botafogo","Criciúma",219,110,E
"Grêmio","Goiás",265,344,E
"Paraná","Juventude",309,308,D
"Paysandu","Internacional",180,371,V
"SãoPaulo","Guarani",431,143,E
"Coritiba","AtléticoPR",220,345,D
"Cruzeiro","Santos",375,415,E
"Figueirense","Vitória",325,141,V
"Palmeiras","Corinthians",278,358,D
"PontePreta","AtléticoMG",245,267,E
"SãoCaetano","Flamengo",287,321,D
"Vasco","Fluminense",309,340,E
"Criciúma","SãoCaetano",110,287,D
"Figueirense","Goiás",325,344,V
"Fluminense","Internacional",340,371,V
"Juventude","Santos",308,415,D
"PontePreta","Palmeiras",245,278,E
"SãoPaulo","Coritiba",431,220,D
"Corinthians","AtléticoMG",358,267,V
"Cruzeiro","Paraná",375,309,D
"Paysandu","Botafogo",180,219,V
"Grêmio","Vasco",265,309,D
"AtléticoPR","Guarani",345,143,V
"Flamengo","Vitória",321,141,V
"Palmeiras","Cruzeiro",278,375,D
"Vasco","Paysandu",309,180,D
"AtléticoMG","Juventude",267,308,E
"Goiás","Criciúma",344,110,V
"Guarani","Corinthians",143,358,D
"Internacional","Flamengo",371,321,E
"Paraná","SãoPaulo",309,431,D
"Santos","AtléticoPR",415,345,E
"SãoCaetano","Figueirense",287,325,V
"Botafogo","Grêmio",219,265,V
"Coritiba","PontePreta",220,245,V
"Vitória","Fluminense",141,340,D
"Goiás","Internacional",344,371,V
"Guarani","Juventude",143,308,V
"SãoPaulo","Cruzeiro",431,375,E
"Vasco","SãoCaetano",309,287,D
"AtléticoMG","Coritiba",267,220,V
"AtléticoPR","Corinthians",345,358,V
"Figueirense","Botafogo",325,219,V
"Fluminense","Flamengo",340,321,V
"Grêmio","Paysandu",265,180,E
"Palmeiras","Santos",278,415,D
"PontePreta","Paraná",245,309,D
"Vitória","Criciúma",141,110,V
"Criciúma","Fluminense",110,340,D
"Paraná","Guarani",309,143,E
"Santos","AtléticoMG",415,267,V
"SãoCaetano","Grêmio",287,265,V
"Botafogo","Vasco",219,309,E
"Corinthians","SãoPaulo",358,431,E
"Coritiba","Palmeiras",220,278,E
"Cruzeiro","AtléticoPR",375,345,D
"Flamengo","Goiás",321,344,V
"Internacional","Vitória",371,141,V
"Juventude","PontePreta",308,245,D
"Paysandu","Figueirense",180,325,V
"Figueirense","PontePreta",325,245,D
"AtléticoMG","Internacional",267,371,E
"Grêmio","SãoPaulo",265,431,V
"Guarani","Fluminense",143,340,E
"Paysandu","Cruzeiro",180,375,V
"SãoCaetano","Coritiba",287,220,V
"AtléticoPR","Flamengo",345,321,V
"Botafogo","Paraná",219,309,V
"Corinthians","Goiás",358,344,V
"Juventude","Criciúma",308,110,V
"Santos","Vitória",415,141,V
"Vasco","Palmeiras",309,278,D
"Coritiba","Grêmio",220,265,V
"Cruzeiro","Figueirense",375,325,E
"Fluminense","AtléticoMG",340,267,E
"SãoPaulo","Paysandu",431,180,V
"Criciúma","Guarani",110,143,E
"Flamengo","Corinthians",321,358,E
"Goiás","Juventude",344,308,D
"Internacional","Santos",371,415,V
"Palmeiras","SãoCaetano",278,287,V
"Paraná","Vasco",309,309,V
"PontePreta","Botafogo",245,219,E
"Vitória","AtléticoPR",141,345,D
"AtléticoPR","AtléticoMG",345,267,V
"Corinthians","Juventude",358,308,D
"Cruzeiro","PontePreta",375,245,V
"Figueirense","Flamengo",325,321,V
"Fluminense","Botafogo",340,219,D
"Grêmio","Criciúma",265,110,V
"Guarani","Santos",143,415,D
"Paraná","Coritiba",309,220,V
"SãoCaetano","Goiás",287,344,V
"SãoPaulo","Palmeiras",431,278,V
"Vasco","Internacional",309,371,V
"Vitória","Paysandu",141,180,V
"Coritiba","Cruzeiro",220,375,E
"Criciúma","Internacional",110,371,V
"Goiás","Vitória",344,141,V
"Grêmio","Fluminense",265,340,D
"PontePreta","SãoPaulo",245,431,D
"Santos","Corinthians",415,358,E
"Vasco","Figueirense",309,325,V
"AtléticoMG","Guarani",267,143,V
"Botafogo","SãoCaetano",219,287,E
"Juventude","AtléticoPR",308,345,E
"Palmeiras","Paraná",278,309,E
"Paysandu","Flamengo",180,321,E
"Corinthians","Coritiba",358,220,E
"Figueirense","Grêmio",325,265,V
"Vitória","Vasco",141,309,V
"Santos","PontePreta",415,245,V
"Fluminense","Goiás",340,344,D
"AtléticoMG","SãoPaulo",267,431,D
"AtléticoPR","Paraná",345,309,E
"Flamengo","Criciúma",321,110,V
"Guarani","Cruzeiro",143,375,V
"Internacional","Botafogo",371,219,V
"Juventude","Palmeiras",308,278,D
"SãoCaetano","Paysandu",287,180,V
"Botafogo","Vitória",219,141,E
"Coritiba","Juventude",220,308,D
"Cruzeiro","AtléticoMG",375,267,D
"Grêmio","Internacional",265,371,D
"Palmeiras","AtléticoPR",278,345,V
"Paysandu","Goiás",180,344,V
"Criciúma","Figueirense",110,325,V
"Guarani","PontePreta",143,245,E
"Paraná","Corinthians",309,358,D
"SãoCaetano","Fluminense",287,340,V
"SãoPaulo","Santos",431,415,V
"Vasco","Flamengo",309,321,V
"Cruzeiro","Grêmio",375,265,V
"Goiás","AtléticoPR",344,345,V
"Palmeiras","Botafogo",278,219,V
"Vitória","AtléticoMG",141,267,V
"Coritiba","Vasco",220,309,D
"Criciúma","Corinthians",110,358,E
"Flamengo","Santos",321,415,E
"Fluminense","Juventude",340,308,V
"Internacional","Guarani",371,143,D
"Paraná","Figueirense",309,325,V
"PontePreta","Paysandu",245,180,V
"AtléticoMG","Criciúma",267,110,E
"AtléticoPR","Internacional",345,371,V
"Botafogo","Cruzeiro",219,375,V
"Corinthians","Vitória",358,141,V
"Figueirense","SãoPaulo",325,431,V
"Grêmio","Palmeiras",265,278,D
"Guarani","Goiás",143,344,E
"Juventude","Flamengo",308,321,V
"Paysandu","Coritiba",180,220,E
"Santos","Fluminense",415,340,V
"Vasco","PontePreta",309,245,E
"SãoPaulo","SãoCaetano",431,287,V
"Flamengo","Guarani",321,143,V
"Goiás","AtléticoMG",344,267,V
"Palmeiras","Paysandu",278,180,V
"Paraná","Grêmio",309,265,V
"Coritiba","Figueirense",220,325,V
"Criciúma","Santos",110,415,E
"Cruzeiro","Vasco",375,309,V
"Fluminense","AtléticoPR",340,345,D
"Internacional","Corinthians",371,358,V
"PontePreta","SãoCaetano",245,287,D
"SãoPaulo","Botafogo",431,219,V
"Vitória","Juventude",141,308,E
"SãoCaetano","Paraná",287,309,V
"Botafogo","Coritiba",219,220,V
"SãoCaetano","Cruzeiro",287,375,V
"Grêmio","PontePreta",265,245,V
"Corinthians","Fluminense",358,340,E
"AtléticoMG","Flamengo",267,321,V
"AtléticoPR","Criciúma",345,110,V
"Figueirense","Palmeiras",325,278,D
"Guarani","Vitória",143,141,E
"Juventude","Internacional",308,371,D
"Paysandu","Paraná",180,309,E
"Santos","Goiás",415,344,V
"Vasco","SãoPaulo",309,431,E
"Fluminense","Figueirense",340,325,D
"Palmeiras","Guarani",278,143,D
"Paraná","AtléticoMG",309,267,V
"Vitória","Grêmio",141,265,V
"Coritiba","Santos",220,415,D
"Criciúma","Paysandu",110,180,V
"Cruzeiro","Corinthians",375,358,D
"Flamengo","Botafogo",321,219,E
"Goiás","Vasco",344,309,V
"Internacional","SãoCaetano",371,287,V
"PontePreta","AtléticoPR",245,345,D
"SãoPaulo","Juventude",431,308,V
"Botafogo","Guarani",219,143,V
"Cruzeiro","Fluminense",375,340,D
"Figueirense","AtléticoMG",325,267,V
"Paraná","Goiás",309,344,V
"SãoPaulo","Internacional",431,371,V
"Coritiba","Vitória",220,141,V
"Grêmio","AtléticoPR",265,345,E
"Palmeiras","Flamengo",278,321,D
"Paysandu","Santos",180,415,E
"PontePreta","Criciúma",245,110,V
"SãoCaetano","Corinthians",287,358,V
"Vasco","Juventude",309,308,E
"Criciúma","Paraná",110,309,D
"Fluminense","PontePreta",340,245,V
"Goiás","Palmeiras",344,278,E
"Guarani","Figueirense",143,325,V
"AtléticoMG","Paysandu",267,180,E
"Corinthians","Vasco",358,309,V
"Internacional","Cruzeiro",371,375,V
"Flamengo","Coritiba",321,220,E
"Vitória","SãoPaulo",141,431,D
"Santos","Grêmio",415,265,V
"AtléticoPR","SãoCaetano",345,287,V
"Juventude","Botafogo",308,219,V
"Grêmio","AtléticoMG",265,267,D
"Paysandu","Guarani",180,143,V
"Palmeiras","Criciúma",278,110,V
"Paraná","Fluminense",309,340,D
"Figueirense","Juventude",325,308,V
"Vasco","AtléticoPR",309,345,V
"Botafogo","Corinthians",219,358,D
"SãoCaetano","Santos",287,415,D
"PontePreta","Internacional",245,371,D
"Cruzeiro","Vitória",375,141,V
"SãoPaulo","Flamengo",431,321,E
"Coritiba","Goiás",220,344,V
"Criciúma","Coritiba",110,220,E
"Internacional","Paraná",371,309,V
"Flamengo","Cruzeiro",321,375,V
"Fluminense","Palmeiras",340,278,E
"Vitória","PontePreta",141,245,D
"Goiás","SãoPaulo",344,431,V
"Guarani","Grêmio",143,265,V
"AtléticoMG","SãoCaetano",267,287,V
"Santos","Vasco",415,309,V
"AtléticoPR","Botafogo",345,219,E
"Corinthians","Figueirense",358,325,V
"SãoCaetano","Palmeiras",287,278,E
"Paraná","Goiás",309,344,D
"Flamengo","Cruzeiro",321,375,E
"AtléticoMG","Figueirense",267,325,V
"Corinthians","Juventude",358,308,E
"Santos","Paysandu",415,180,V
"AtléticoPR","PontePreta",345,245,D
"Internacional","Botafogo",371,219,D
"Fortaleza","Coritiba",143,220,D
"Fluminense","SãoPaulo",340,431,V
"Brasiliense","Vasco",42,309,E
"SãoPaulo","Paraná",431,309,E
"PontePreta","AtléticoMG",245,267,E
"Palmeiras","Brasiliense",278,42,V
"Vasco","Fortaleza",309,143,E
"Goiás","SãoCaetano",344,287,E
"Coritiba","Santos",220,415,D
"Juventude","AtléticoPR",308,345,V
"Figueirense","Flamengo",325,321,D
"Paysandu","Fluminense",180,340,D
"Botafogo","Corinthians",219,358,V
"Cruzeiro","Internacional",375,371,V
"Santos","AtléticoPR",415,345,V
"Goiás","Figueirense",344,325,E
"Paraná","Juventude",309,308,E
"PontePreta","Paysandu",245,180,V
"Corinthians","SãoPaulo",358,431,D
"Coritiba","Palmeiras",220,278,V
"SãoCaetano","Fortaleza",287,143,V
"AtléticoMG","Brasiliense",267,42,D
"Internacional","Flamengo",371,321,V
"Vasco","Botafogo",309,219,D
"Fluminense","Cruzeiro",340,375,V
"SãoPaulo","Coritiba",431,220,V
"Fortaleza","PontePreta",143,245,V
"Figueirense","Internacional",325,371,D
"Botafogo","AtléticoMG",219,267,V
"AtléticoPR","Corinthians",345,358,D
"Juventude","Vasco",308,309,V
"Paysandu","SãoCaetano",180,287,V
"Flamengo","Santos",321,415,V
"Cruzeiro","Goiás",375,344,V
"Palmeiras","Paraná",278,309,D
"Brasiliense","Fluminense",42,340,D
"Juventude","Paysandu",308,180,V
"Paraná","PontePreta",309,245,E
"Fortaleza","Brasiliense",143,42,V
"Fluminense","Coritiba",340,220,D
"Goiás","Botafogo",344,219,V
"Corinthians","Figueirense",358,325,V
"SãoCaetano","Flamengo",287,321,V
"Santos","AtléticoMG",415,267,V
"AtléticoPR","Internacional",345,371,D
"Vasco","SãoPaulo",309,431,V
"Cruzeiro","Palmeiras",375,278,V
"SãoPaulo","Cruzeiro",431,375,E
"Paysandu","Goiás",180,344,V
"Figueirense","SãoCaetano",325,287,V
"Coritiba","Juventude",220,308,D
"AtléticoMG","Corinthians",267,358,D
"Internacional","Fortaleza",371,143,V
"PontePreta","Vasco",245,309,V
"Flamengo","Fluminense",321,340,E
"Botafogo","AtléticoPR",219,345,V
"Palmeiras","Santos",278,415,V
"Brasiliense","Paraná",42,309,V
"SãoCaetano","Brasiliense",287,42,V
"AtléticoPR","Figueirense",345,325,E
"Paraná","Fortaleza",309,143,V
"Cruzeiro","PontePreta",375,245,D
"Botafogo","Juventude",219,308,V
"Goiás","Palmeiras",344,278,V
"Corinthians","Flamengo",358,321,V
"Santos","Fluminense",415,340,E
"Internacional","AtléticoMG",371,267,E
"Paysandu","SãoPaulo",180,431,E
"Vasco","Coritiba",309,220,E
"AtléticoMG","SãoCaetano",267,287,D
"Figueirense","Paysandu",325,180,E
"Palmeiras","Vasco",278,309,V
"Brasiliense","Corinthians",42,358,D
"PontePreta","Goiás",245,344,V
"Flamengo","AtléticoPR",321,345,E
"Coritiba","Paraná",220,309,V
"SãoPaulo","Botafogo",431,219,V
"Juventude","Cruzeiro",308,375,E
"Fortaleza","Santos",143,415,E
"Fluminense","Internacional",340,371,V
"SãoPaulo","Internacional",431,371,D
"Juventude","PontePreta",308,245,D
"Paraná","AtléticoMG",309,267,V
"Flamengo","Brasiliense",321,42,D
"Corinthians","Fluminense",358,340,D
"SãoCaetano","Santos",287,415,D
"AtléticoPR","Fortaleza",345,143,E
"Paysandu","Palmeiras",180,278,V
"Botafogo","Figueirense",219,325,D
"Cruzeiro","Vasco",375,309,E
"Goiás","Coritiba",344,220,V
"Coritiba","Paysandu",220,180,V
"PontePreta","SãoPaulo",245,431,V
"Vasco","Goiás",309,344,D
"Fluminense","Paraná",340,309,D
"Santos","Juventude",415,308,E
"AtléticoMG","Flamengo",267,321,V
"Internacional","SãoCaetano",371,287,V
"Figueirense","Cruzeiro",325,375,E
"Fortaleza","Corinthians",143,358,V
"Palmeiras","Botafogo",278,219,V
"Brasiliense","AtléticoPR",42,345,V
"SãoCaetano","PontePreta",287,245,V
"SãoPaulo","Flamengo",431,321,V
"Juventude","Brasiliense",308,42,V
"Paraná","Figueirense",309,325,V
"Paysandu","Fortaleza",180,143,D
"Corinthians","Palmeiras",358,278,V
"AtléticoPR","Coritiba",345,220,V
"Vasco","Internacional",309,371,D
"Botafogo","Fluminense",219,340,D
"Cruzeiro","AtléticoMG",375,267,V
"Goiás","Santos",344,415,D
"PontePreta","Figueirense",245,325,V
"Paysandu","Cruzeiro",180,375,D
"Goiás","Brasiliense",344,42,D
"Paraná","Corinthians",309,358,D
"Fluminense","SãoCaetano",340,287,D
"Coritiba","Botafogo",220,219,D
"Santos","SãoPaulo",415,431,V
"AtléticoMG","AtléticoPR",267,345,D
"Internacional","Juventude",371,308,V
"Flamengo","Vasco",321,309,V
"Palmeiras","Fortaleza",278,143,D
"SãoCaetano","Paraná",287,309,E
"Santos","Vasco",415,309,D
"AtléticoPR","Fluminense",345,340,V
"Internacional","Goiás",371,344,D
"Figueirense","Palmeiras",325,278,D
"Fortaleza","AtléticoMG",143,267,D
"Botafogo","PontePreta",219,245,V
"Brasiliense","SãoPaulo",42,431,E
"Corinthians","Paysandu",358,180,V
"Cruzeiro","Coritiba",375,220,E
"Flamengo","Juventude",321,308,D
"SãoPaulo","SãoCaetano",431,287,D
"Paraná","AtléticoPR",309,345,V
"Goiás","Fortaleza",344,143,V
"Botafogo","Brasiliense",219,42,E
"Coritiba","Flamengo",220,321,V
"Juventude","Figueirense",308,325,D
"PontePreta","Fluminense",245,340,V
"Paysandu","Internacional",180,371,D
"Vasco","Corinthians",309,358,D
"Cruzeiro","Santos",375,415,V
"Palmeiras","AtléticoMG",278,267,V
"Corinthians","Cruzeiro",358,375,V
"SãoCaetano","Botafogo",287,219,D
"Santos","PontePreta",415,245,D
"AtléticoMG","SãoPaulo",267,431,E
"AtléticoPR","Vasco",345,309,V
"Fortaleza","Juventude",143,308,V
"Fluminense","Goiás",340,344,E
"Internacional","Paraná",371,309,D
"Figueirense","Coritiba",325,220,E
"Flamengo","Palmeiras",321,278,E
"Brasiliense","Paysandu",42,180,E
"Vasco","SãoCaetano",309,287,V
"Cruzeiro","Fortaleza",375,143,V
"Goiás","AtléticoMG",344,267,V
"Coritiba","Brasiliense",220,42,E
"Santos","Corinthians",415,358,V
"Juventude","SãoPaulo",308,431,V
"Figueirense","Fluminense",325,340,E
"PontePreta","Internacional",245,371,E
"Paysandu","Paraná",180,309,D
"Botafogo","Flamengo",219,321,D
"Palmeiras","AtléticoPR",278,345,E
"Corinthians","Coritiba",358,220,V
"SãoCaetano","Juventude",287,308,E
"AtléticoMG","Paysandu",267,180,E
"AtléticoPR","Goiás",345,344,V
"Internacional","Santos",371,415,D
"Paraná","Botafogo",309,219,V
"Flamengo","PontePreta",321,245,V
"Brasiliense","Cruzeiro",42,375,D
"SãoPaulo","Palmeiras",431,278,E
"Fortaleza","Figueirense",143,325,V
"Fluminense","Vasco",340,309,V
"Corinthians","SãoCaetano",358,287,D
"AtléticoPR","Cruzeiro",345,375,V
"Botafogo","Paysandu",219,180,V
"SãoPaulo","Goiás",431,344,D
"AtléticoMG","Fluminense",267,340,D
"Juventude","Palmeiras",308,278,D
"Paraná","Santos",309,415,E
"PontePreta","Coritiba",245,220,D
"Fortaleza","Flamengo",143,321,V
"Vasco","Figueirense",309,325,V
"Brasiliense","Internacional",42,371,E
"Coritiba","AtléticoMG",220,267,V
"SãoCaetano","AtléticoPR",287,345,V
"Internacional","Corinthians",371,358,E
"Figueirense","SãoPaulo",325,431,V
"Paysandu","Vasco",180,309,D
"Cruzeiro","Botafogo",375,219,V
"Palmeiras","PontePreta",278,245,V
"Santos","Brasiliense",415,42,E
"Fluminense","Fortaleza",340,143,V
"Flamengo","Paraná",321,309,E
"Goiás","Juventude",344,308,V
"Coritiba","SãoCaetano",220,287,E
"Palmeiras","Internacional",278,371,V
"Paysandu","AtléticoPR",180,345,V
"SãoPaulo","Fortaleza",431,143,V
"Juventude","Fluminense",308,340,V
"Figueirense","Brasiliense",325,42,E
"PontePreta","Corinthians",245,358,D
"Vasco","AtléticoMG",309,267,V
"Botafogo","Santos",219,415,E
"Cruzeiro","Paraná",375,309,D
"Goiás","Flamengo",344,321,V
"SãoCaetano","Cruzeiro",287,375,D
"AtléticoMG","Juventude",267,308,V
"AtléticoPR","SãoPaulo",345,431,V
"Corinthians","Goiás",358,344,E
"Santos","Figueirense",415,325,V
"Internacional","Coritiba",371,220,V
"Paraná","Vasco",309,309,E
"Fortaleza","Botafogo",143,219,V
"Flamengo","Paysandu",321,180,V
"Fluminense","Palmeiras",340,278,E
"Brasiliense","PontePreta",42,245,V
"SãoPaulo","Fluminense",431,340,E
"Juventude","Corinthians",308,358,V
"PontePreta","AtléticoPR",245,345,D
"Paysandu","Santos",180,415,D
"Vasco","Brasiliense",309,42,V
"Cruzeiro","Flamengo",375,321,E
"Palmeiras","SãoCaetano",278,287,V
"Goiás","Paraná",344,309,E
"Coritiba","Fortaleza",220,143,V
"Figueirense","AtléticoMG",325,267,D
"Botafogo","Internacional",219,371,D
"SãoCaetano","Goiás",287,344,D
"AtléticoPR","Juventude",345,308,E
"Brasiliense","Palmeiras",42,278,V
"Corinthians","Botafogo",358,219,E
"Santos","Coritiba",415,220,V
"AtléticoMG","PontePreta",267,245,V
"Internacional","Cruzeiro",371,375,V
"Paraná","SãoPaulo",309,431,D
"Fortaleza","Vasco",143,309,V
"Flamengo","Figueirense",321,325,E
"Fluminense","Paysandu",340,180,V
"AtléticoPR","Santos",345,415,E
"Botafogo","Vasco",219,309,E
"Brasiliense","AtléticoMG",42,267,D
"Cruzeiro","Fluminense",375,340,D
"Figueirense","Goiás",325,344,V
"Fortaleza","SãoCaetano",143,287,V
"Juventude","Paraná",308,309,V
"Paysandu","PontePreta",180,245,E
"SãoPaulo","Corinthians",431,358,V
"Flamengo","Internacional",321,371,E
"Palmeiras","Coritiba",278,220,E
"SãoCaetano","Paysandu",287,180,D
"Fluminense","Brasiliense",340,42,V
"Goiás","Cruzeiro",344,375,V
"AtléticoMG","Botafogo",267,219,D
"Corinthians","AtléticoPR",358,345,V
"Coritiba","SãoPaulo",220,431,D
"Internacional","Figueirense",371,325,V
"Paraná","Palmeiras",309,278,D
"PontePreta","Fortaleza",245,143,V
"Santos","Flamengo",415,321,E
"Vasco","Juventude",309,308,V
"Flamengo","SãoCaetano",321,287,V
"Palmeiras","Cruzeiro",278,375,V
"Paysandu","Juventude",180,308,V
"PontePreta","Paraná",245,309,V
"AtléticoMG","Santos",267,415,V
"Botafogo","Goiás",219,344,V
"Brasiliense","Fortaleza",42,143,D
"Coritiba","Fluminense",220,340,E
"Figueirense","Corinthians",325,358,D
"Internacional","AtléticoPR",371,345,V
"SãoPaulo","Vasco",431,309,V
"Cruzeiro","SãoPaulo",375,431,D
"Fluminense","Flamengo",340,321,E
"Fortaleza","Internacional",143,371,D
"Goiás","Paysandu",344,180,V
"Paraná","Brasiliense",309,42,V
"Santos","Palmeiras",415,278,V
"SãoCaetano","Figueirense",287,325,D
"AtléticoPR","Botafogo",345,219,V
"Corinthians","AtléticoMG",358,267,E
"Juventude","Coritiba",308,220,E
"Vasco","PontePreta",309,245,E
"Fortaleza","Paraná",143,309,E
"Brasiliense","SãoCaetano",42,287,E
"SãoPaulo","Paysandu",431,180,V
"AtléticoMG","Internacional",267,371,E
"Coritiba","Vasco",220,309,V
"Figueirense","AtléticoPR",325,345,V
"Flamengo","Corinthians",321,358,D
"Fluminense","Santos",340,415,V
"Juventude","Botafogo",308,219,E
"Palmeiras","Goiás",278,344,V
"PontePreta","Cruzeiro",245,375,D
"Cruzeiro","Juventude",375,308,V
"Goiás","PontePreta",344,245,V
"Paraná","Coritiba",309,220,V
"Paysandu","Figueirense",180,325,V
"Santos","Fortaleza",415,143,E
"SãoCaetano","AtléticoMG",287,267,V
"AtléticoPR","Flamengo",345,321,V
"Botafogo","SãoPaulo",219,431,E
"Corinthians","Brasiliense",358,42,V
"Internacional","Fluminense",371,340,E
"Vasco","Palmeiras",309,278,E
"AtléticoMG","Paraná",267,309,D
"Coritiba","Goiás",220,344,D
"PontePreta","Juventude",245,308,V
"Santos","SãoCaetano",415,287,V
"Brasiliense","Flamengo",42,321,D
"Figueirense","Botafogo",325,219,V
"Fluminense","Corinthians",340,358,D
"Fortaleza","AtléticoPR",143,345,D
"Internacional","SãoPaulo",371,431,V
"Palmeiras","Paysandu",278,180,V
"Vasco","Cruzeiro",309,375,E
"Botafogo","Palmeiras",219,278,D
"Corinthians","Fortaleza",358,143,V
"Cruzeiro","Figueirense",375,325,V
"Goiás","Vasco",344,309,V
"Juventude","Santos",308,415,V
"Paraná","Fluminense",309,340,V
"AtléticoPR","Brasiliense",345,42,V
"Flamengo","AtléticoMG",321,267,D
"Paysandu","Coritiba",180,220,V
"SãoCaetano","Internacional",287,371,E
"SãoPaulo","PontePreta",431,245,V
"Cruzeiro","Botafogo",375,219,E
"Juventude","Fluminense",308,340,D
"Vasco","Figueirense",309,325,E
"Santos","Corinthians",415,358,D
"Brasiliense","Juventude",42,308,V
"Coritiba","AtléticoPR",220,345,D
"Figueirense","Paraná",325,309,V
"Fluminense","Botafogo",340,219,V
"Fortaleza","Paysandu",143,180,D
"AtléticoMG","Cruzeiro",267,375,D
"Flamengo","SãoPaulo",321,431,D
"Internacional","Vasco",371,309,V
"Palmeiras","Corinthians",278,358,E
"PontePreta","SãoCaetano",245,287,D
"Santos","Goiás",415,344,E
"Juventude","Figueirense",308,325,E
"Paysandu","Cruzeiro",180,375,V
"PontePreta","SãoPaulo",245,431,V
"Vasco","Botafogo",309,219,V
"Brasiliense","Goiás",42,344,D
"SãoCaetano","Fluminense",287,340,E
"AtléticoPR","AtléticoMG",345,267,V
"Botafogo","Coritiba",219,220,V
"Corinthians","Paraná",358,309,V
"Cruzeiro","Paysandu",375,180,V
"Figueirense","PontePreta",325,245,V
"Fortaleza","Palmeiras",143,278,E
"Juventude","Internacional",308,371,V
"SãoPaulo","Santos",431,415,D
"Vasco","Flamengo",309,321,V
"Fluminense","Brasiliense",340,42,E
"SãoPaulo","Corinthians",431,358,E
"Coritiba","Cruzeiro",220,375,D
"Goiás","Internacional",344,371,D
"AtléticoMG","Fortaleza",267,143,D
"Juventude","Flamengo",308,321,E
"Palmeiras","Figueirense",278,325,E
"Vasco","Santos",309,415,D
"Fluminense","AtléticoPR",340,345,V
"Paysandu","Corinthians",180,358,D
"PontePreta","Botafogo",245,219,D
"SãoPaulo","Brasiliense",431,42,D
"Internacional","Coritiba",371,220,V
"Paraná","SãoCaetano",309,287,D
"Figueirense","Juventude",325,308,V
"Fortaleza","Goiás",143,344,E
"AtléticoMG","Palmeiras",267,278,D
"AtléticoPR","Paraná",345,309,V
"Brasiliense","Botafogo",42,219,E
"Corinthians","Vasco",358,309,E
"Fluminense","PontePreta",340,245,V
"Santos","Cruzeiro",415,375,D
"SãoCaetano","SãoPaulo",287,431,D
"Flamengo","Coritiba",321,220,V
"Internacional","Paysandu",371,180,V
"Cruzeiro","Corinthians",375,358,V
"Goiás","Fluminense",344,340,D
"Juventude","Fortaleza",308,143,V
"PontePreta","Santos",245,415,V
"SãoPaulo","AtléticoMG",431,267,E
"Botafogo","SãoCaetano",219,287,V
"Coritiba","Figueirense",220,325,V
"Palmeiras","Flamengo",278,321,D
"Paraná","Internacional",309,371,V
"Paysandu","Brasiliense",180,42,V
"Vasco","AtléticoPR",309,345,V
"Fortaleza","Cruzeiro",143,375,V
"SãoPaulo","Juventude",431,308,V
"AtléticoMG","Goiás",267,344,D
"AtléticoPR","Palmeiras",345,278,V
"Brasiliense","Coritiba",42,220,E
"Corinthians","Santos",358,415,V
"Flamengo","Botafogo",321,219,V
"Fluminense","Figueirense",340,325,V
"Internacional","PontePreta",371,245,V
"Paraná","Paysandu",309,180,V
"SãoCaetano","Vasco",287,309,D
"Palmeiras","SãoPaulo",278,431,V
"Botafogo","Paraná",219,309,V
"Figueirense","Fortaleza",325,143,V
"Paysandu","AtléticoMG",180,267,D
"Juventude","SãoCaetano",308,287,V
"Santos","Internacional",415,371,D
"Vasco","Fluminense",309,340,V
"PontePreta","Flamengo",245,321,E
"Coritiba","Corinthians",220,358,D
"Cruzeiro","Brasiliense",375,42,V
"Goiás","AtléticoPR",344,345,V
"Figueirense","Vasco",325,309,V
"Goiás","SãoPaulo",344,431,V
"Santos","Paraná",415,309,E
"Palmeiras","Juventude",278,308,V
"Flamengo","Fortaleza",321,143,V
"SãoCaetano","Corinthians",287,358,V
"Internacional","Brasiliense",371,42,V
"Coritiba","PontePreta",220,245,V
"Paysandu","Botafogo",180,219,V
"Cruzeiro","AtléticoPR",375,345,D
"Fluminense","AtléticoMG",340,267,D
"Brasiliense","Santos",42,415,V
"Juventude","Goiás",308,344,V
"SãoPaulo","Figueirense",431,325,V
"AtléticoPR","SãoCaetano",345,287,E
"Vasco","Paysandu",309,180,V
"PontePreta","Palmeiras",245,278,D
"Corinthians","Internacional",358,371,E
"Fortaleza","Fluminense",143,340,V
"Paraná","Flamengo",309,321,D
"Botafogo","Cruzeiro",219,375,V
"AtléticoMG","Coritiba",267,220,V
"AtléticoMG","Vasco",267,309,E
"AtléticoPR","Paysandu",345,180,V
"Brasiliense","Figueirense",42,325,D
"Corinthians","PontePreta",358,245,V
"Flamengo","Goiás",321,344,E
"Fluminense","Juventude",340,308,D
"Fortaleza","SãoPaulo",143,431,V
"Internacional","Palmeiras",371,278,V
"Paraná","Cruzeiro",309,375,V
"Santos","Botafogo",415,219,V
"SãoCaetano","Coritiba",287,220,E
"SãoPaulo","AtléticoPR",431,345,V
"Juventude","AtléticoMG",308,267,D
"Figueirense","Santos",325,415,V
"PontePreta","Brasiliense",245,42,V
"Paysandu","Flamengo",180,321,D
"Vasco","Paraná",309,309,V
"Coritiba","Internacional",220,371,V
"Botafogo","Fortaleza",219,143,V
"Cruzeiro","SãoCaetano",375,287,D
"Palmeiras","Fluminense",278,340,V
"Juventude","Paraná",308,309,V
"Vasco","Internacional",309,371,E
"Palmeiras","PontePreta",278,245,D
"AtléticoPR","Fluminense",345,340,D
"Botafogo","Fortaleza",219,143,V
"Goiás","Santos",344,415,E
"Grêmio","Corinthians",265,358,V
"SantaCRuz","Figueirense",28,325,E
"SãoCaetano","Cruzeiro",287,375,V
"SãoPaulo","Flamengo",431,321,V
"Corinthians","SãoCaetano",358,287,V
"Figueirense","Palmeiras",325,278,V
"Fluminense","Goiás",340,344,V
"Cruzeiro","Grêmio",375,265,V
"Flamengo","Juventude",321,308,V
"Fortaleza","SãoPaulo",143,431,V
"Internacional","SantaCRuz",371,28,V
"Paraná","Botafogo",309,219,E
"PontePreta","Vasco",245,309,D
"Santos","AtléticoPR",415,345,V
"Botafogo","AtléticoPR",219,345,D
"Fortaleza","SãoCaetano",143,287,V
"SãoPaulo","SantaCRuz",431,28,V
"Figueirense","Cruzeiro",325,375,D
"Internacional","Flamengo",371,321,V
"Juventude","Goiás",308,344,E
"Palmeiras","Santos",278,415,D
"Paraná","Grêmio",309,265,V
"PontePreta","Corinthians",245,358,V
"Vasco","Fluminense",309,340,E
"Fluminense","Paraná",340,309,V
"SantaCRuz","PontePreta",28,245,E
"Santos","Fortaleza",415,143,V
"Goiás","Figueirense",344,325,V
"AtléticoPR","Internacional",345,371,D
"Corinthians","SãoPaulo",358,431,D
"Cruzeiro","Juventude",375,308,V
"Flamengo","Botafogo",321,219,V
"Grêmio","Vasco",265,309,D
"SãoCaetano","Palmeiras",287,278,V
"Botafogo","Grêmio",219,265,E
"Santos","PontePreta",415,245,V
"SãoCaetano","Juventude",287,308,D
"Figueirense","Fluminense",325,340,V
"Flamengo","Fortaleza",321,143,E
"Goiás","Vasco",344,309,V
"Internacional","SãoPaulo",371,431,V
"Palmeiras","Cruzeiro",278,375,E
"Paraná","Corinthians",309,358,D
"SantaCRuz","AtléticoPR",28,345,D
"AtléticoPR","Goiás",345,344,D
"Fortaleza","Paraná",143,309,E
"Internacional","Figueirense",371,325,D
"SãoPaulo","SãoCaetano",431,287,V
"Cruzeiro","Flamengo",375,321,V
"Fluminense","Santos",340,415,V
"Juventude","Botafogo",308,219,V
"Palmeiras","SantaCRuz",278,28,V
"PontePreta","Grêmio",245,265,E
"Vasco","Corinthians",309,358,D
"Cruzeiro","PontePreta",375,245,V
"Flamengo","Santos",321,415,E
"Fortaleza","Fluminense",143,340,D
"Juventude","SantaCRuz",308,28,V
"Paraná","Figueirense",309,325,E
"SãoCaetano","AtléticoPR",287,345,V
"SãoPaulo","Palmeiras",431,278,V
"Botafogo","Vasco",219,309,V
"Corinthians","Internacional",358,371,D
"Grêmio","Goiás",265,344,V
"AtléticoPR","Juventude",345,308,V
"Figueirense","Fortaleza",325,143,E
"PontePreta","Paraná",245,309,D
"Fluminense","Flamengo",340,321,V
"Goiás","SãoCaetano",344,287,V
"Internacional","Cruzeiro",371,375,E
"Palmeiras","Grêmio",278,265,D
"SantaCRuz","Botafogo",28,219,E
"Santos","Corinthians",415,358,V
"Vasco","SãoPaulo",309,431,E
"Cruzeiro","AtléticoPR",375,345,E
"Flamengo","Palmeiras",321,278,V
"Fortaleza","Vasco",143,309,E
"Grêmio","Santos",265,415,V
"Juventude","PontePreta",308,245,D
"SãoCaetano","Internacional",287,371,E
"SãoPaulo","Fluminense",431,340,V
"Cruzeiro","AtléticoPR",375,345,E
"Flamengo","Palmeiras",321,278,V
"Fortaleza","Vasco",143,309,E
"Grêmio","Santos",265,415,V
"Juventude","PontePreta",308,245,D
"SãoCaetano","Internacional",287,371,E
"SãoPaulo","Fluminense",431,340,V
"Botafogo","Figueirense",219,325,D
"Corinthians","Goiás",358,344,D
"Paraná","SantaCRuz",309,28,V
"Fluminense","Internacional",340,371,D
"Fortaleza","Cruzeiro",143,375,D
"Grêmio","SãoCaetano",265,287,E
"AtléticoPR","Palmeiras",345,278,V
"Corinthians","Flamengo",358,321,D
"Goiás","Paraná",344,309,D
"Juventude","SãoPaulo",308,431,E
"PontePreta","Figueirense",245,325,V
"Santos","Botafogo",415,219,E
"Vasco","SantaCRuz",309,28,V
"AtléticoPR","Fortaleza",345,143,E
"Cruzeiro","Corinthians",375,358,V
"Figueirense","Santos",325,415,V
"Fluminense","Juventude",340,308,V
"Internacional","PontePreta",371,245,V
"SãoCaetano","Botafogo",287,219,E
"SãoPaulo","Grêmio",431,265,V
"Flamengo","Paraná",321,309,D
"Palmeiras","Vasco",278,309,V
"SantaCRuz","Goiás",28,344,V
"Botafogo","PontePreta",219,245,V
"SãoPaulo","Figueirense",431,325,V
"Cruzeiro","Goiás",375,344,E
"Flamengo","Vasco",321,309,D
"Fortaleza","SantaCRuz",143,28,D
"Grêmio","Fluminense",265,340,E
"Juventude","Internacional",308,371,V
"Palmeiras","Corinthians",278,358,V
"Paraná","AtléticoPR",309,345,V
"SãoCaetano","Santos",287,415,V
"Corinthians","Fortaleza",358,143,E
"Figueirense","Grêmio",325,265,V
"Fluminense","SãoCaetano",340,287,E
"Paraná","Cruzeiro",309,375,V
"Goiás","Palmeiras",344,278,D
"Internacional","Botafogo",371,219,E
"PontePreta","SãoPaulo",245,431,D
"SantaCRuz","Flamengo",28,321,V
"Santos","Juventude",415,308,V
"Vasco","AtléticoPR",309,345,V
"Juventude","Figueirense",308,325,V
"Palmeiras","Paraná",278,309,V
"SãoCaetano","PontePreta",287,245,E
"AtléticoPR","Flamengo",345,321,V
"Fluminense","Botafogo",340,219,E
"Goiás","Fortaleza",344,143,E
"Internacional","Grêmio",371,265,E
"SantaCRuz","Corinthians",28,358,V
"SãoPaulo","Santos",431,415,D
"Vasco","Cruzeiro",309,375,V
"Corinthians","AtléticoPR",358,345,V
"Figueirense","SãoCaetano",325,287,E
"Flamengo","Goiás",321,344,V
"Grêmio","Juventude",265,308,V
"Botafogo","SãoPaulo",219,431,E
"Cruzeiro","SantaCRuz",375,28,E
"Fortaleza","Palmeiras",143,278,E
"Paraná","Vasco",309,309,V
"PontePreta","Fluminense",245,340,V
"Santos","Internacional",415,371,V
"Corinthians","Figueirense",358,325,D
"Flamengo","PontePreta",321,245,E
"Juventude","Vasco",308,309,E
"SãoCaetano","SantaCRuz",287,28,V
"Botafogo","Palmeiras",219,278,D
"Cruzeiro","Fluminense",375,340,D
"Fortaleza","Internacional",143,371,D
"Grêmio","AtléticoPR",265,345,V
"Paraná","Santos",309,415,E
"SãoPaulo","Goiás",431,344,V
"Figueirense","Flamengo",325,321,E
"Fluminense","Corinthians",340,358,D
"Goiás","Botafogo",344,219,E
"PontePreta","Fortaleza",245,143,D
"SantaCRuz","Grêmio",28,265,D
"Vasco","SãoCaetano",309,287,D
"Santos","Cruzeiro",415,375,V
"Palmeiras","Juventude",278,308,E
"Flamengo","Grêmio",321,265,V
"PontePreta","Goiás",245,344,V
"Corinthians","Botafogo",358,219,V
"Cruzeiro","SãoPaulo",375,431,E
"Figueirense","AtléticoPR",325,345,E
"Fluminense","SantaCRuz",340,28,E
"Fortaleza","Juventude",143,308,V
"Internacional","Palmeiras",371,278,E
"Paraná","SãoCaetano",309,287,V
"Santos","Vasco",415,309,D
"Botafogo","Cruzeiro",219,375,V
"Goiás","Internacional",344,371,E
"Juventude","Corinthians",308,358,E
"Palmeiras","Fluminense",278,340,V
"SantaCRuz","Santos",28,415,E
"SãoCaetano","Flamengo",287,321,E
"AtléticoPR","PontePreta",345,245,V
"Grêmio","Fortaleza",265,143,V
"SãoPaulo","Paraná",431,309,V
"Vasco","Figueirense",309,325,V
"Cruzeiro","SãoCaetano",375,287,V
"Fluminense","AtléticoPR",340,345,D
"Santos","Goiás",415,344,V
"Corinthians","Grêmio",358,265,D
"Figueirense","SantaCRuz",325,28,V
"Flamengo","SãoPaulo",321,431,E
"Fortaleza","Botafogo",143,219,D
"Internacional","Vasco",371,309,D
"Paraná","Juventude",309,308,D
"PontePreta","Palmeiras",245,278,E
"AtléticoPR","Santos",345,415,V
"Goiás","Fluminense",344,340,V
"Grêmio","Cruzeiro",265,375,V
"Juventude","Flamengo",308,321,V
"Palmeiras","Figueirense",278,325,E
"SantaCRuz","Internacional",28,371,D
"SãoCaetano","Corinthians",287,358,D
"Botafogo","Paraná",219,309,V
"SãoPaulo","Fortaleza",431,143,E
"Vasco","PontePreta",309,245,E
"Cruzeiro","Figueirense",375,325,E
"Flamengo","Internacional",321,371,D
"AtléticoPR","Botafogo",345,219,D
"Corinthians","PontePreta",358,245,V
"Fluminense","Vasco",340,309,E
"Goiás","Juventude",344,308,V
"Grêmio","Paraná",265,309,V
"SantaCRuz","SãoPaulo",28,431,D
"Santos","Palmeiras",415,278,V
"SãoCaetano","Fortaleza",287,143,E
"Palmeiras","SãoCaetano",278,287,V
"PontePreta","SantaCRuz",245,28,V
"Vasco","Grêmio",309,265,E
"Botafogo","Flamengo",219,321,D
"Figueirense","Goiás",325,344,E
"Fortaleza","Santos",143,415,E
"Internacional","AtléticoPR",371,345,V
"Juventude","Cruzeiro",308,375,V
"Paraná","Fluminense",309,340,V
"SãoPaulo","Corinthians",431,358,E
"AtléticoPR","SantaCRuz",345,28,V
"Corinthians","Paraná",358,309,V
"Vasco","Goiás",309,344,E
"Cruzeiro","Palmeiras",375,278,V
"Fluminense","Figueirense",340,325,V
"Fortaleza","Flamengo",143,321,D
"Grêmio","Botafogo",265,219,V
"Juventude","SãoCaetano",308,287,V
"PontePreta","Santos",245,415,V
"SãoPaulo","Internacional",431,371,V
"Botafogo","Juventude",219,308,V
"Corinthians","Vasco",358,309,E
"Figueirense","Internacional",325,371,V
"Goiás","AtléticoPR",344,345,E
"Grêmio","PontePreta",265,245,V
"Paraná","Fortaleza",309,143,V
"Santos","Fluminense",415,340,E
"SãoCaetano","SãoPaulo",287,431,D
"Flamengo","Cruzeiro",321,375,V
"SantaCRuz","Palmeiras",28,278,V
"AtléticoPR","SãoCaetano",345,287,V
"Fluminense","Fortaleza",340,143,D
"Figueirense","Paraná",325,309,D
"Goiás","Grêmio",344,265,V
"Internacional","Corinthians",371,358,E
"Palmeiras","SãoPaulo",278,431,V
"PontePreta","Cruzeiro",245,375,D
"SantaCRuz","Juventude",28,308,V
"Santos","Flamengo",415,321,V
"Vasco","Botafogo",309,219,E
"AtléticoPR","SãoPaulo",345,431,E
"Internacional","Paraná",371,309,V
"Flamengo","Fluminense",321,340,V
"Fortaleza","Figueirense",143,325,E
"Grêmio","Palmeiras",265,278,V
"Juventude","AtléticoPR",308,345,V
"Paraná","PontePreta",309,245,V
"SãoCaetano","Goiás",287,344,D
"SãoPaulo","Vasco",431,309,V
"Botafogo","SantaCRuz",219,28,V
"Corinthians","Santos",358,415,D
"Cruzeiro","Internacional",375,371,V
"PontePreta","Juventude",245,308,V
"Vasco","Fortaleza",309,143,V
"Fluminense","SãoPaulo",340,431,D
"AtléticoPR","Cruzeiro",345,375,E
"Figueirense","Botafogo",325,219,V
"Goiás","Corinthians",344,358,V
"Internacional","SãoCaetano",371,287,V
"Palmeiras","Flamengo",278,321,V
"SantaCRuz","Paraná",28,309,D
"Santos","Grêmio",415,265,V
"Cruzeiro","Fortaleza",375,143,E
"Botafogo","Santos",219,415,V
"SãoCaetano","Grêmio",287,265,D
"SãoPaulo","Juventude",431,308,V
"Figueirense","PontePreta",325,245,V
"Flamengo","Corinthians",321,358,V
"Internacional","Fluminense",371,340,V
"Palmeiras","AtléticoPR",278,345,E
"Paraná","Goiás",309,344,V
"SantaCRuz","Vasco",28,309,D
"Vasco","Palmeiras",309,278,V
"Goiás","SantaCRuz",344,28,V
"PontePreta","Internacional",245,371,D
"Santos","Figueirense",415,325,V
"Botafogo","SãoCaetano",219,287,V
"Corinthians","Cruzeiro",358,375,V
"Fortaleza","AtléticoPR",143,345,D
"Grêmio","SãoPaulo",265,431,E
"Juventude","Fluminense",308,340,E
"Paraná","Flamengo",309,321,D
"Corinthians","Palmeiras",358,278,V
"Fluminense","Grêmio",340,265,D
"SantaCRuz","Fortaleza",28,143,D
"Internacional","Juventude",371,308,V
"Vasco","Flamengo",309,321,V
"AtléticoPR","Paraná",345,309,V
"Figueirense","SãoPaulo",325,431,D
"Goiás","Cruzeiro",344,375,D
"PontePreta","Botafogo",245,219,D
"Santos","SãoCaetano",415,287,V
"AtléticoPR","Vasco",345,309,V
"Flamengo","SantaCRuz",321,28,E
"Fortaleza","Corinthians",143,358,D
"Grêmio","Figueirense",265,325,D
"Juventude","Santos",308,415,V
"Palmeiras","Goiás",278,344,D
"SãoCaetano","Fluminense",287,340,E
"Botafogo","Internacional",219,371,D
"Cruzeiro","Paraná",375,309,E
"SãoPaulo","PontePreta",431,245,E
"Figueirense","Juventude",325,308,V
"Flamengo","AtléticoPR",321,345,V
"Botafogo","Fluminense",219,340,V
"Corinthians","SantaCRuz",358,28,V
"Cruzeiro","Vasco",375,309,V
"Fortaleza","Goiás",143,344,D
"Grêmio","Internacional",265,371,D
"Paraná","Palmeiras",309,278,V
"PontePreta","SãoCaetano",245,287,D
"Santos","SãoPaulo",415,431,D
"AtléticoPR","Corinthians",345,358,D
"Goiás","Flamengo",344,321,D
"Internacional","Santos",371,415,E
"Juventude","Grêmio",308,265,D
"Palmeiras","Fortaleza",278,143,V
"SãoCaetano","Figueirense",287,325,V
"Vasco","Paraná",309,309,V
"Fluminense","PontePreta",340,245,E
"SantaCRuz","Cruzeiro",28,375,V
"SãoPaulo","Botafogo",431,219,V
"Internacional","Fortaleza",371,143,V
"Santos","Paraná",415,309,V
"Vasco","Juventude",309,308,E
"AtléticoPR","Grêmio",345,265,D
"Figueirense","Corinthians",325,358,E
"Fluminense","Cruzeiro",340,375,V
"Goiás","SãoPaulo",344,431,D
"Palmeiras","Botafogo",278,219,V
"PontePreta","Flamengo",245,321,V
"SantaCRuz","SãoCaetano",28,287,D
"Corinthians","Fluminense",358,340,E
"Flamengo","Figueirense",321,325,D
"Grêmio","SantaCRuz",265,28,V
"Botafogo","Goiás",219,344,E
"Cruzeiro","Santos",375,415,E
"Fortaleza","PontePreta",143,245,V
"Juventude","Palmeiras",308,278,V
"Paraná","Internacional",309,371,V
"SãoCaetano","Vasco",287,309,D
"SãoPaulo","AtléticoPR",431,345,E
"AtléticoPR","Figueirense",345,325,D
"Botafogo","Corinthians",219,358,E
"Goiás","PontePreta",344,245,V
"Grêmio","Flamengo",265,321,V
"Juventude","Fortaleza",308,143,E
"Palmeiras","Internacional",278,371,D
"SantaCRuz","Fluminense",28,340,D
"SãoCaetano","Paraná",287,309,D
"SãoPaulo","Cruzeiro",431,375,V
"Vasco","Santos",309,415,E
"Internacional","Goiás",371,344,D
"Flamengo","SãoCaetano",321,287,V
"Fluminense","Palmeiras",340,278,E
"Figueirense","Vasco",325,309,E
"Santos","SantaCRuz",415,28,V
"PontePreta","AtléticoPR",245,345,E
"Paraná","SãoPaulo",309,431,E
"Cruzeiro","Botafogo",375,219,V
"Fortaleza","Grêmio",143,265,V
"Figueirense","AtléticoPR",325,345,D
"Fluminense","Cruzeiro",340,375,E
"SãoPaulo","Goiás",431,344,V
"AtléticoMG","Náutico",267,49,V
"Internacional","Botafogo",371,219,D
"Flamengo","Palmeiras",321,278,D
"Paraná","Grêmio",309,265,V
"AméricaRN","Vasco",17,309,D
"Corinthians","Juventude",358,308,V
"Sport","Santos",51,415,V
"Juventude","Paraná",308,309,D
"AtléticoPR","Internacional",345,371,V
"Santos","AméricaRN",415,17,D
"Goiás","Flamengo",344,321,D
"Botafogo","AtléticoMG",219,267,V
"Cruzeiro","Corinthians",375,358,D
"Palmeiras","Figueirense",278,325,V
"Vasco","Sport",309,51,V
"Náutico","SãoPaulo",49,431,V
"Grêmio","Fluminense",265,340,V
"AméricaRN","Figueirense",17,325,D
"Corinthians","AtléticoMG",358,267,E
"Fluminense","Internacional",340,371,V
"AtléticoPR","Santos",345,415,D
"Náutico","Vasco",49,309,E
"Grêmio","Sport",265,51,V
"SãoPaulo","Palmeiras",431,278,E
"Flamengo","Botafogo",321,219,E
"Cruzeiro","Paraná",375,309,D
"Goiás","Juventude",344,308,V
"Figueirense","Goiás",325,344,V
"Botafogo","Grêmio",219,265,V
"AtléticoMG","AtléticoPR",267,345,E
"Palmeiras","Cruzeiro",278,375,D
"Sport","Flamengo",51,321,E
"Santos","Corinthians",415,358,E
"Juventude","AméricaRN",308,17,V
"Vasco","Fluminense",309,340,E
"Paraná","SãoPaulo",309,431,D
"Internacional","Náutico",371,49,V
"Náutico","Paraná",49,309,E
"Palmeiras","Botafogo",278,219,E
"Vasco","Grêmio",309,265,V
"AméricaRN","Corinthians",17,358,D
"Fluminense","Sport",340,51,V
"Figueirense","Flamengo",325,321,V
"AtléticoPR","Goiás",345,344,D
"Cruzeiro","Juventude",375,308,D
"SãoPaulo","AtléticoMG",431,267,D
"Internacional","Santos",371,415,V
"Botafogo","Vasco",219,309,V
"Grêmio","Cruzeiro",265,375,D
"Corinthians","Paraná",358,309,E
"Flamengo","Internacional",321,371,E
"Goiás","Palmeiras",344,278,V
"AtléticoMG","Figueirense",267,325,V
"SãoPaulo","Vasco",431,309,V
"AtléticoPR","Fluminense",345,340,E
"Sport","AméricaRN",51,17,E
"Botafogo","Náutico",219,49,V
"Juventude","Santos",308,415,D
"Juventude","Figueirense",308,325,E
"Paraná","Sport",309,51,V
"Náutico","Goiás",49,344,D
"Palmeiras","AtléticoPR",278,345,D
"AméricaRN","Fluminense",17,340,D
"Santos","SãoPaulo",415,431,D
"Cruzeiro","AtléticoMG",375,267,V
"Internacional","Grêmio",371,265,D
"Sport","Náutico",51,49,V
"Figueirense","SãoPaulo",325,431,E
"AméricaRN","Goiás",17,344,D
"Cruzeiro","Vasco",375,309,V
"Santos","Grêmio",415,265,E
"Fluminense","Botafogo",340,219,D
"Paraná","AtléticoPR",309,345,E
"Internacional","AtléticoMG",371,267,E
"Corinthians","Palmeiras",358,278,D
"Figueirense","Cruzeiro",325,375,V
"Palmeiras","AméricaRN",278,17,V
"AtléticoPR","Náutico",345,49,E
"Grêmio","Juventude",265,308,V
"Fluminense","Paraná",340,309,E
"SãoPaulo","Internacional",431,371,V
"Goiás","Botafogo",344,219,E
"Sport","Corinthians",51,358,V
"AtléticoMG","Flamengo",267,321,E
"Vasco","Santos",309,415,V
"Paraná","AméricaRN",309,17,D
"Botafogo","AtléticoPR",219,345,V
"Corinthians","Fluminense",358,340,E
"Santos","Cruzeiro",415,375,V
"SãoPaulo","Flamengo",431,321,E
"AtléticoMG","Grêmio",267,265,D
"Goiás","Sport",344,51,V
"Internacional","Figueirense",371,325,V
"Náutico","Palmeiras",49,278,D
"Juventude","Vasco",308,309,V
"Paraná","Figueirense",309,325,D
"Juventude","Náutico",308,49,E
"Vasco","AtléticoPR",309,345,V
"Sport","AtléticoMG",51,267,V
"Santos","Botafogo",415,219,V
"Grêmio","Palmeiras",265,278,E
"AméricaRN","Internacional",17,371,D
"Cruzeiro","Goiás",375,344,V
"Corinthians","SãoPaulo",358,431,E
"Figueirense","Sport",325,51,D
"AtléticoPR","Juventude",345,308,V
"AtléticoMG","AméricaRN",267,17,V
"Náutico","Cruzeiro",49,375,D
"SãoPaulo","Fluminense",431,340,D
"Internacional","Corinthians",371,358,V
"Palmeiras","Santos",278,415,E
"Goiás","Grêmio",344,265,E
"Flamengo","Paraná",321,309,D
"AméricaRN","AtléticoPR",17,345,V
"Juventude","Internacional",308,371,V
"Vasco","AtléticoMG",309,267,V
"Corinthians","Náutico",358,49,D
"Cruzeiro","SãoPaulo",375,431,D
"Grêmio","Flamengo",265,321,V
"Fluminense","Goiás",340,344,V
"Santos","Figueirense",415,325,V
"Paraná","Palmeiras",309,278,V
"Sport","Botafogo",51,219,E
"AtléticoPR","Cruzeiro",345,375,E
"Goiás","Santos",344,415,V
"Náutico","Grêmio",49,265,D
"Flamengo","AméricaRN",321,17,V
"Palmeiras","Vasco",278,309,V
"Figueirense","Corinthians",325,358,E
"Internacional","Paraná",371,309,V
"Botafogo","Juventude",219,308,V
"AtléticoMG","Fluminense",267,340,V
"SãoPaulo","Sport",431,51,V
"Santos","Náutico",415,49,D
"Grêmio","AtléticoPR",265,345,E
"Vasco","Goiás",309,344,V
"Corinthians","Flamengo",358,321,E
"Sport","Internacional",51,371,D
"Juventude","Palmeiras",308,278,E
"Paraná","AtléticoMG",309,267,D
"Fluminense","Figueirense",340,325,E
"AméricaRN","SãoPaulo",17,431,D
"Cruzeiro","Botafogo",375,219,V
"Goiás","Paraná",344,309,V
"Náutico","Fluminense",49,340,E
"Palmeiras","Sport",278,51,D
"Botafogo","AméricaRN",219,17,V
"AtléticoPR","Corinthians",345,358,E
"AtléticoMG","Santos",267,415,D
"Internacional","Vasco",371,309,D
"Figueirense","Grêmio",325,265,V
"SãoPaulo","Juventude",431,308,V
"Corinthians","Goiás",358,344,V
"AméricaRN","Náutico",17,49,D
"Sport","AtléticoPR",51,345,V
"Fluminense","Palmeiras",340,278,D
"Cruzeiro","Internacional",375,371,V
"Santos","Flamengo",415,321,V
"Juventude","AtléticoMG",308,267,D
"Vasco","Figueirense",309,325,E
"Paraná","Botafogo",309,219,E
"Grêmio","SãoPaulo",265,431,D
"Cruzeiro","Sport",375,51,V
"Juventude","Fluminense",308,340,E
"Botafogo","SãoPaulo",219,431,D
"Náutico","Figueirense",49,325,V
"AtléticoPR","Flamengo",345,321,V
"Goiás","AtléticoMG",344,267,V
"Vasco","Corinthians",309,358,V
"Grêmio","AméricaRN",265,17,V
"Palmeiras","Internacional",278,371,E
"Santos","Paraná",415,309,V
"Sport","Juventude",51,308,V
"SãoPaulo","AtléticoPR",431,345,V
"Flamengo","Náutico",321,49,V
"Corinthians","Grêmio",358,265,V
"AtléticoMG","Palmeiras",267,278,D
"Figueirense","Botafogo",325,219,E
"Internacional","Goiás",371,344,V
"AméricaRN","Cruzeiro",17,375,D
"Paraná","Vasco",309,309,E
"Fluminense","Santos",340,415,V
"Botafogo","Corinthians",219,358,D
"Fluminense","Flamengo",340,321,D
"AtléticoPR","Figueirense",345,325,E
"Santos","Sport",415,51,V
"Grêmio","Paraná",265,309,V
"Palmeiras","Flamengo",278,321,V
"Goiás","SãoPaulo",344,431,E
"Botafogo","Internacional",219,371,E
"Náutico","AtléticoMG",49,267,D
"Cruzeiro","Fluminense",375,340,V
"Juventude","Corinthians",308,358,E
"Vasco","AméricaRN",309,17,V
"Flamengo","Juventude",321,308,V
"Corinthians","Cruzeiro",358,375,D
"Fluminense","Grêmio",340,265,E
"Internacional","AtléticoPR",371,345,V
"Paraná","Juventude",309,308,V
"AméricaRN","Santos",17,415,D
"Sport","Vasco",51,309,E
"AtléticoMG","Botafogo",267,219,D
"SãoPaulo","Náutico",431,49,V
"Figueirense","Palmeiras",325,278,D
"Flamengo","Goiás",321,344,V
"Palmeiras","SãoPaulo",278,431,D
"Paraná","Cruzeiro",309,375,E
"Juventude","Goiás",308,344,V
"Botafogo","Flamengo",219,321,E
"Sport","Grêmio",51,265,V
"AtléticoMG","Corinthians",267,358,V
"Figueirense","AméricaRN",325,17,V
"Internacional","Fluminense",371,340,D
"Santos","AtléticoPR",415,345,V
"Vasco","Náutico",309,49,V
"SãoPaulo","Paraná",431,309,V
"AméricaRN","Juventude",17,308,D
"Flamengo","Sport",321,51,E
"Corinthians","Santos",358,415,V
"AtléticoPR","AtléticoMG",345,267,V
"Goiás","Figueirense",344,325,V
"Fluminense","Vasco",340,309,E
"Náutico","Internacional",49,371,E
"Cruzeiro","Palmeiras",375,278,V
"Grêmio","Botafogo",265,219,V
"Corinthians","AméricaRN",358,17,V
"Goiás","AtléticoPR",344,345,D
"AtléticoMG","SãoPaulo",267,431,E
"Santos","Internacional",415,371,V
"Juventude","Cruzeiro",308,375,V
"Grêmio","Vasco",265,309,V
"Flamengo","Figueirense",321,325,V
"Paraná","Náutico",309,49,D
"Botafogo","Palmeiras",219,278,E
"Sport","Fluminense",51,340,D
"Cruzeiro","Grêmio",375,265,V
"Santos","Juventude",415,308,V
"Figueirense","AtléticoMG",325,267,V
"Internacional","Flamengo",371,321,V
"Vasco","SãoPaulo",309,431,D
"Palmeiras","Goiás",278,344,V
"Paraná","Corinthians",309,358,V
"AméricaRN","Sport",17,51,E
"Fluminense","AtléticoPR",340,345,V
"Náutico","Botafogo",49,219,V
"Flamengo","Cruzeiro",321,375,V
"Goiás","Náutico",344,49,D
"Fluminense","AméricaRN",340,17,V
"SãoPaulo","Santos",431,415,V
"Corinthians","Botafogo",358,219,D
"AtléticoPR","Palmeiras",345,278,V
"Sport","Paraná",51,309,V
"AtléticoMG","Cruzeiro",267,375,D
"Figueirense","Juventude",325,308,V
"Grêmio","Internacional",265,371,V
"Flamengo","Vasco",321,309,E
"Goiás","AméricaRN",344,17,E
"SãoPaulo","Figueirense",431,325,V
"Grêmio","Santos",265,415,V
"Palmeiras","Corinthians",278,358,V
"AtléticoPR","Paraná",345,309,V
"Botafogo","Fluminense",219,340,D
"Náutico","Sport",49,51,V
"AtléticoMG","Internacional",267,371,E
"Juventude","Flamengo",308,321,E
"Vasco","Cruzeiro",309,375,D
"Corinthians","Sport",358,51,D
"Náutico","AtléticoPR",49,345,V
"Flamengo","AtléticoMG",321,267,V
"Paraná","Fluminense",309,340,V
"AméricaRN","Palmeiras",17,278,E
"Botafogo","Goiás",219,344,D
"Cruzeiro","Figueirense",375,325,D
"Santos","Vasco",415,309,V
"Juventude","Grêmio",308,265,D
"Internacional","SãoPaulo",371,431,D
"Palmeiras","Náutico",278,49,V
"AtléticoPR","Botafogo",345,219,V
"Fluminense","Corinthians",340,358,E
"Sport","Goiás",51,344,V
"Cruzeiro","Santos",375,415,D
"Grêmio","AtléticoMG",265,267,E
"Vasco","Juventude",309,308,D
"AméricaRN","Paraná",17,309,V
"Flamengo","SãoPaulo",321,431,V
"Figueirense","Internacional",325,371,E
"Palmeiras","Grêmio",278,265,V
"Botafogo","Santos",219,415,D
"Náutico","Juventude",49,308,V
"AtléticoPR","Vasco",345,309,V
"Goiás","Cruzeiro",344,375,E
"AtléticoMG","Sport",267,51,V
"SãoPaulo","Corinthians",431,358,D
"Figueirense","Paraná",325,309,V
"Internacional","AméricaRN",371,17,V
"Flamengo","Fluminense",321,340,D
"Sport","Figueirense",51,325,E
"Cruzeiro","Náutico",375,49,E
"Juventude","AtléticoPR",308,345,E
"Corinthians","Internacional",358,371,E
"Paraná","Flamengo",309,321,D
"AméricaRN","AtléticoMG",17,267,D
"Fluminense","SãoPaulo",340,431,E
"Santos","Palmeiras",415,278,E
"Grêmio","Goiás",265,344,V
"Vasco","Botafogo",309,219,V
"Vasco","Flamengo",309,321,D
"Palmeiras","Paraná",278,309,V
"Goiás","Fluminense",344,340,V
"Botafogo","Sport",219,51,V
"AtléticoPR","AméricaRN",345,17,V
"Náutico","Corinthians",49,358,V
"AtléticoMG","Vasco",267,309,V
"SãoPaulo","Cruzeiro",431,375,V
"Figueirense","Santos",325,415,V
"Internacional","Juventude",371,308,V
"Flamengo","Grêmio",321,265,V
"Fluminense","AtléticoMG",340,267,E
"Cruzeiro","AtléticoPR",375,345,E
"Santos","Goiás",415,344,V
"Corinthians","Figueirense",358,325,V
"Paraná","Internacional",309,371,V
"AméricaRN","Flamengo",17,321,D
"Sport","SãoPaulo",51,431,D
"Juventude","Botafogo",308,219,E
"Grêmio","Náutico",265,49,V
"Vasco","Palmeiras",309,278,E
"AtléticoPR","Grêmio",345,265,V
"Goiás","Vasco",344,309,D
"Náutico","Santos",49,415,D
"AtléticoMG","Paraná",267,309,E
"SãoPaulo","AméricaRN",431,17,V
"Figueirense","Fluminense",325,340,D
"Flamengo","Corinthians",321,358,V
"Palmeiras","Juventude",278,308,D
"Botafogo","Cruzeiro",219,375,V
"Internacional","Sport",371,51,E
"Paraná","Goiás",309,344,V
"Fluminense","Náutico",340,49,V
"Grêmio","Figueirense",265,325,D
"Corinthians","AtléticoPR",358,345,E
"AméricaRN","Botafogo",17,219,E
"Sport","Palmeiras",51,278,V
"Cruzeiro","Flamengo",375,321,V
"Santos","AtléticoMG",415,267,E
"Vasco","Internacional",309,371,D
"Juventude","SãoPaulo",308,431,V
"Botafogo","Paraná",219,309,V
"Náutico","AméricaRN",49,17,V
"Internacional","Cruzeiro",371,375,V
"AtléticoPR","Sport",345,51,E
"Goiás","Corinthians",344,358,E
"AtléticoMG","Juventude",267,308,V
"SãoPaulo","Grêmio",431,265,V
"Figueirense","Vasco",325,309,E
"Flamengo","Santos",321,415,V
"Palmeiras","Fluminense",278,340,V
"AméricaRN","Grêmio",17,265,D
"Fluminense","Juventude",340,308,V
"Paraná","Santos",309,415,D
"Sport","Cruzeiro",51,375,V
"SãoPaulo","Botafogo",431,219,E
"Internacional","Palmeiras",371,278,V
"Flamengo","AtléticoPR",321,345,V
"Corinthians","Vasco",358,309,D
"AtléticoMG","Goiás",267,344,V
"Figueirense","Náutico",325,49,V
"Palmeiras","AtléticoMG",278,267,D
"AtléticoPR","SãoPaulo",345,431,V
"Goiás","Internacional",344,371,V
"Botafogo","Figueirense",219,325,E
"Náutico","Flamengo",49,321,V
"Cruzeiro","AméricaRN",375,17,V
"Santos","Fluminense",415,340,D
"Juventude","Sport",308,51,V
"Grêmio","Corinthians",265,358,E
