time1,time2,result
"Vasco","Figueirense",V
"SãoPaulo","Paysandu",V
"Paraná","SãoCaetano",V
"Santos","BotafogoRJ",V
"Goiás","Portuguesa",V
"Fluminense","Cruzeiro",V
"Palmeiras","Grêmio",E
"AtléticoMG","Corinthians",D
"Internacional","Flamengo",D
"Guarani","AtléticoPR",V
"Coritiba","Vitória",V
"Bahia","Gama",V
"Juventude","PontePreta",V
"AtléticoPR","Bahia",V
"BotafogoRJ","AtléticoMG",E
"Corinthians","Internacional",V
"Cruzeiro","Palmeiras",E
"Figueirense","Guarani",E
"Grêmio","Vasco",V
"PontePreta","Coritiba",V
"SãoCaetano","Fluminense",V
"Vitória","Goiás",V
"Flamengo","Juventude",E
"Gama","SãoPaulo",D
"Portuguesa","Paraná",V
"AtléticoPR","Vasco",V
"Fluminense","Grêmio",V
"Internacional","PontePreta",V
"Bahia","Coritiba",D
"Cruzeiro","BotafogoRJ",E
"Flamengo","Goiás",E
"Gama","Vitória",V
"Guarani","AtléticoMG",D
"Juventude","Santos",V
"Paraná","SãoPaulo",D
"Portuguesa","Figueirense",E
"SãoCaetano","Corinthians",V
"AtléticoMG","Fluminense",E
"BotafogoRJ","Internacional",E
"Coritiba","Flamengo",V
"Goiás","Bahia",E
"Paysandu","Portuguesa",D
"Santos","Figueirense",V
"SãoPaulo","Juventude",D
"Vitória","AtléticoPR",E
"Grêmio","Guarani",D
"Palmeiras","SãoCaetano",V
"PontePreta","Cruzeiro",V
"Vasco","Gama",D
"Figueirense","BotafogoRJ",D
"Flamengo","Paysandu",D
"Internacional","SãoPaulo",E
"Coritiba","Corinthians",D
"Cruzeiro","Bahia",V
"Fluminense","Santos",E
"Goiás","Vasco",D
"Palmeiras","AtléticoMG",D
"PontePreta","Grêmio",E
"Portuguesa","Gama",V
"Vitória","Juventude",V
"AtléticoPR","Palmeiras",V
"Bahia","Figueirense",D
"Corinthians","Cruzeiro",E
"Gama","Flamengo",V
"Guarani","Internacional",E
"Juventude","Fluminense",V
"Santos","Paraná",V
"AtléticoMG","Vitória",V
"Grêmio","Portuguesa",E
"SãoPaulo","Goiás",V
"BotafogoRJ","Gama",V
"Corinthians","AtléticoPR",D
"Coritiba","Fluminense",V
"Internacional","Santos",V
"AtléticoMG","Portuguesa",E
"Flamengo","Cruzeiro",E
"Goiás","Guarani",D
"Juventude","Vasco",V
"Paraná","Palmeiras",V
"PontePreta","SãoCaetano",D
"SãoPaulo","Grêmio",V
"Vitória","Paysandu",V
"AtléticoPR","BotafogoRJ",V
"Bahia","Paraná",V
"Cruzeiro","SãoPaulo",V
"Flamengo","Fluminense",V
"Gama","PontePreta",E
"Palmeiras","Coritiba",E
"Paysandu","Corinthians",D
"SãoCaetano","Guarani",V
"Vasco","AtléticoMG",D
"Portuguesa","Internacional",D
"Santos","Vitória",V
"AtléticoMG","PontePreta",V
"Goiás","BotafogoRJ",E
"Palmeiras","Gama",E
"SãoCaetano","SãoPaulo",V
"Vasco","Coritiba",V
"Fluminense","Figueirense",V
"Grêmio","Corinthians",V
"Guarani","Paysandu",V
"Juventude","Bahia",V
"Paraná","Flamengo",V
"Santos","AtléticoPR",E
"Vitória","Internacional",E
"Bahia","Grêmio",E
"Coritiba","Santos",V
"Figueirense","Vitória",D
"Flamengo","AtléticoPR",V
"Internacional","Palmeiras",V
"Paysandu","Vasco",V
"PontePreta","Paraná",V
"Portuguesa","SãoCaetano",V
"BotafogoRJ","Juventude",D
"Corinthians","Goiás",V
"Cruzeiro","Guarani",D
"Gama","Fluminense",D
"Internacional","Figueirense",D
"Palmeiras","Bahia",D
"Paraná","AtléticoPR",E
"Santos","Grêmio",V
"BotafogoRJ","Vasco",E
"Coritiba","Goiás",V
"Cruzeiro","Paysandu",V
"Guarani","Corinthians",E
"Juventude","AtléticoMG",V
"SãoCaetano","Gama",V
"SãoPaulo","Fluminense",V
"Vitória","Portuguesa",V
"AtléticoPR","Gama",D
"Bahia","SãoPaulo",V
"Figueirense","Cruzeiro",V
"Goiás","SãoCaetano",V
"Paysandu","Coritiba",E
"PontePreta","Palmeiras",V
"Portuguesa","BotafogoRJ",V
"Vasco","Santos",D
"AtléticoMG","Paraná",V
"Corinthians","Vitória",V
"Grêmio","Juventude",V
"BotafogoRJ","Coritiba",D
"Figueirense","Palmeiras",V
"Portuguesa","Cruzeiro",D
"Santos","Goiás",E
"AtléticoMG","Flamengo",D
"AtléticoPR","SãoPaulo",E
"Corinthians","Paraná",V
"Grêmio","Vitória",V
"Guarani","Juventude",E
"Paysandu","PontePreta",V
"SãoCaetano","Bahia",V
"Vasco","Internacional",E
"Cruzeiro","Vasco",V
"Fluminense","AtléticoPR",D
"Internacional","Bahia",V
"Juventude","Corinthians",D
"Paraná","Guarani",D
"PontePreta","Figueirense",V
"SãoPaulo","AtléticoMG",D
"Vitória","SãoCaetano",E
"Coritiba","Portuguesa",V
"Flamengo","Grêmio",D
"Gama","Santos",E
"Palmeiras","Paysandu",V
"AtléticoPR","SãoCaetano",D
"Bahia","BotafogoRJ",D
"Cruzeiro","Juventude",V
"Fluminense","Guarani",V
"Internacional","Paraná",D
"Figueirense","Gama",V
"Goiás","Grêmio",V
"Paysandu","AtléticoMG",V
"PontePreta","Flamengo",V
"Santos","Palmeiras",E
"SãoPaulo","Corinthians",E
"Vasco","Portuguesa",V
"Flamengo","Bahia",E
"Gama","Internacional",E
"Grêmio","Paysandu",V
"Juventude","Goiás",V
"Palmeiras","SãoPaulo",E
"BotafogoRJ","PontePreta",V
"SãoCaetano","Coritiba",V
"Vitória","Fluminense",V
"AtléticoMG","Figueirense",D
"Corinthians","Santos",D
"Paraná","Cruzeiro",E
"BotafogoRJ","SãoCaetano",E
"Flamengo","SãoPaulo",D
"Gama","Paysandu",V
"Goiás","AtléticoPR",E
"Guarani","Vasco",D
"Palmeiras","Portuguesa",V
"Fluminense","Paraná",V
"Guarani","Gama",V
"SãoPaulo","Coritiba",V
"Grêmio","BotafogoRJ",E
"AtléticoPR","PontePreta",D
"Corinthians","Figueirense",E
"Flamengo","SãoCaetano",V
"Goiás","Palmeiras",V
"Juventude","Portuguesa",E
"Paysandu","Bahia",V
"Santos","AtléticoMG",V
"Vitória","Cruzeiro",V
"Figueirense","SãoPaulo",D
"Palmeiras","Juventude",E
"Paraná","Vitória",V
"SãoCaetano","Vasco",V
"Bahia","AtléticoMG",V
"BotafogoRJ","Paysandu",V
"Coritiba","Guarani",D
"Cruzeiro","Santos",D
"Gama","Corinthians",D
"Internacional","Fluminense",E
"PontePreta","Goiás",V
"Portuguesa","AtléticoPR",E
"Bahia","PontePreta",V
"Coritiba","Grêmio",E
"Figueirense","AtléticoPR",V
"Gama","Juventude",V
"Internacional","Goiás",D
"Paysandu","Paraná",V
"SãoPaulo","Santos",V
"Vasco","Flamengo",V
"AtléticoMG","SãoCaetano",V
"BotafogoRJ","Vitória",D
"Palmeiras","Guarani",V
"Grêmio","Gama",V
"Santos","Portuguesa",D
"Vasco","Paraná",V
"AtléticoPR","Internacional",D
"Corinthians","PontePreta",V
"Cruzeiro","AtléticoMG",D
"Fluminense","Bahia",V
"Goiás","Figueirense",V
"Guarani","SãoPaulo",D
"Juventude","Coritiba",V
"SãoCaetano","Paysandu",V
"Vitória","Flamengo",D
"Bahia","Vasco",V
"Corinthians","Palmeiras",E
"Figueirense","Flamengo",V
"Fluminense","Goiás",E
"Paraná","Gama",V
"Paysandu","Santos",V
"PontePreta","Vitória",E
"Portuguesa","Guarani",V
"SãoCaetano","Cruzeiro",E
"AtléticoPR","Coritiba",V
"BotafogoRJ","Fluminense",D
"Gama","Goiás",D
"Internacional","Grêmio",D
"Juventude","Figueirense",V
"Portuguesa","SãoPaulo",D
"Santos","Flamengo",V
"Guarani","PontePreta",D
"AtléticoMG","Internacional",V
"Bahia","Santos",E
"Coritiba","Cruzeiro",V
"Figueirense","SãoCaetano",D
"Flamengo","Corinthians",D
"Grêmio","AtléticoPR",V
"Palmeiras","BotafogoRJ",V
"Paysandu","Goiás",D
"Fluminense","Vasco",V
"Paraná","Juventude",V
"SãoPaulo","PontePreta",V
"Flamengo","BotafogoRJ",V
"Guarani","Santos",D
"Internacional","Coritiba",D
"AtléticoPR","AtléticoMG",E
"Corinthians","Fluminense",D
"Cruzeiro","Grêmio",V
"Goiás","Paraná",V
"Paysandu","Figueirense",V
"PontePreta","Portuguesa",E
"SãoCaetano","Juventude",V
"Vasco","Palmeiras",V
"Vitória","Bahia",V
"AtléticoPR","Paysandu",V
"Figueirense","Grêmio",D
"Fluminense","Palmeiras",D
"Gama","Cruzeiro",D
"SãoCaetano","Internacional",E
"SãoPaulo","Vasco",V
"Vitória","Guarani",V
"AtléticoMG","Coritiba",V
"Corinthians","Portuguesa",V
"Paraná","BotafogoRJ",V
"Cruzeiro","AtléticoPR",V
"Grêmio","SãoCaetano",E
"Paysandu","Fluminense",V
"Santos","PontePreta",D
"Vasco","Vitória",V
"BotafogoRJ","Corinthians",V
"Coritiba","Paraná",V
"Goiás","AtléticoMG",V
"Guarani","Bahia",E
"Juventude","Internacional",V
"Portuguesa","Flamengo",D
"AtléticoMG","Gama",V
"Bahia","Corinthians",E
"Coritiba","Figueirense",D
"Internacional","Cruzeiro",D
"Juventude","Paysandu",E
"Palmeiras","Flamengo",E
"Vasco","PontePreta",V
"Fluminense","Portuguesa",V
"Guarani","BotafogoRJ",V
"Paraná","Grêmio",E
"SãoPaulo","Vitória",V
"AtléticoPR","Juventude",V
"BotafogoRJ","SãoPaulo",D
"Corinthians","Vasco",E
"Cruzeiro","Goiás",V
"Figueirense","Paraná",E
"Flamengo","Guarani",E
"Gama","Coritiba",V
"Grêmio","AtléticoMG",V
"Paysandu","Internacional",D
"PontePreta","Fluminense",D
"Portuguesa","Bahia",D
"SãoCaetano","Santos",V
"Vitória","Palmeiras",V
"Santos","SãoPaulo",V
"Fluminense","SãoCaetano",V
"AtléticoMG","Corinthians",D
"Grêmio","Juventude",E
"SãoCaetano","Fluminense",V
"Corinthians","AtléticoMG",V
"Juventude","Grêmio",D
"SãoPaulo","Santos",D
"Santos","Grêmio",V
"Fluminense","Corinthians",V
"Grêmio","Santos",V
"Corinthians","Fluminense",V
"Santos","Corinthians",V
"AtléticoPR","Grêmio",V
"Guarani","Vasco",V
"Corinthians","AtléticoMG",D
"Goiás","Paysandu",E
"Criciúma","Fluminense",V
"Cruzeiro","SãoCaetano",E
"Flamengo","Coritiba",E
"Fortaleza","Bahia",E
"Internacional","PontePreta",E
"Juventude","SãoPaulo",E
"Santos","Paraná",E
"Vitória","Figueirense",E
"Fluminense","Fortaleza",E
"AtléticoMG","Santos",E
"Grêmio","Guarani",V
"Coritiba","Internacional",D
"Bahia","Flamengo",D
"Vasco","Goiás",V
"Figueirense","Corinthians",E
"SãoPaulo","Cruzeiro",D
"Paysandu","Vitória",D
"PontePreta","Juventude",V
"Paraná","AtléticoPR",V
"SãoCaetano","Criciúma",V
"Paysandu","Santos",V
"Internacional","Bahia",V
"AtléticoPR","AtléticoMG",D
"Corinthians","Paysandu",V
"Santos","Figueirense",V
"Cruzeiro","PontePreta",V
"Vitória","Vasco",V
"Flamengo","Fluminense",V
"Criciúma","SãoPaulo",E
"Fortaleza","SãoCaetano",E
"Juventude","Coritiba",V
"Guarani","Paraná",V
"Goiás","Grêmio",E
"SãoCaetano","Flamengo",E
"Vasco","Corinthians",E
"Bahia","Juventude",V
"Grêmio","Vitória",V
"Coritiba","Cruzeiro",D
"AtléticoMG","Guarani",V
"Figueirense","AtléticoPR",E
"PontePreta","Criciúma",E
"Fluminense","Internacional",V
"Paraná","Goiás",V
"SãoPaulo","Fortaleza",V
"Flamengo","Santos",D
"Bahia","AtléticoMG",D
"SãoCaetano","Grêmio",E
"SãoPaulo","Vasco",V
"Fluminense","Paraná",E
"Cruzeiro","Goiás",V
"Internacional","Corinthians",V
"PontePreta","Paysandu",E
"Fortaleza","AtléticoPR",V
"Juventude","Vitória",E
"Criciúma","Guarani",V
"Coritiba","Figueirense",V
"AtléticoMG","Coritiba",D
"Paraná","Bahia",V
"Guarani","Cruzeiro",E
"Vitória","Internacional",D
"Grêmio","Fluminense",D
"Corinthians","Flamengo",E
"Vasco","SãoCaetano",V
"Goiás","Juventude",V
"Paysandu","SãoPaulo",V
"Santos","Fortaleza",V
"AtléticoPR","Criciúma",V
"Figueirense","PontePreta",E
"Bahia","Grêmio",V
"Cruzeiro","AtléticoPR",V
"Flamengo","Vitória",V
"Coritiba","Paraná",V
"Criciúma","Santos",D
"Fluminense","Vasco",E
"Fortaleza","Corinthians",D
"Internacional","Goiás",V
"Juventude","Guarani",E
"PontePreta","AtléticoMG",V
"SãoCaetano","Paysandu",V
"SãoPaulo","Figueirense",V
"Corinthians","Criciúma",V
"Goiás","Flamengo",E
"Paraná","PontePreta",V
"Santos","Cruzeiro",D
"AtléticoMG","SãoPaulo",E
"AtléticoPR","Juventude",V
"Figueirense","SãoCaetano",V
"Grêmio","Coritiba",V
"Guarani","Internacional",V
"Paysandu","Fluminense",E
"Vasco","Bahia",E
"Vitória","Fortaleza",V
"Juventude","Santos",E
"Fluminense","Figueirense",V
"SãoCaetano","AtléticoMG",V
"Bahia","Paysandu",V
"SãoPaulo","Paraná",V
"Coritiba","Vasco",E
"Criciúma","Vitória",E
"Cruzeiro","Corinthians",E
"Flamengo","Guarani",E
"Fortaleza","Goiás",V
"Internacional","AtléticoPR",E
"PontePreta","Grêmio",V
"AtléticoMG","Fluminense",V
"Corinthians","Juventude",V
"Paraná","SãoCaetano",E
"Vasco","PontePreta",V
"AtléticoPR","Flamengo",V
"Figueirense","Bahia",V
"Goiás","Criciúma",D
"Grêmio","SãoPaulo",D
"Guarani","Fortaleza",V
"Paysandu","Coritiba",D
"Santos","Internacional",V
"Vitória","Cruzeiro",V
"Coritiba","Guarani",V
"Cruzeiro","Criciúma",V
"Fluminense","AtléticoPR",V
"Internacional","Paysandu",V
"PontePreta","SãoCaetano",E
"Bahia","Goiás",V
"Corinthians","Vitória",V
"Figueirense","Grêmio",V
"Fortaleza","Juventude",V
"Paraná","Flamengo",V
"Santos","SãoPaulo",V
"Vasco","AtléticoMG",E
"AtléticoMG","Figueirense",E
"Grêmio","Fortaleza",V
"Guarani","Santos",D
"Vitória","Fluminense",V
"AtléticoPR","PontePreta",V
"Criciúma","Internacional",V
"Goiás","Coritiba",D
"Juventude","Vasco",E
"Paysandu","Paraná",V
"SãoCaetano","Corinthians",V
"SãoPaulo","Bahia",E
"Fluminense","Goiás",D
"PontePreta","Guarani",D
"Coritiba","AtléticoPR",V
"Bahia","Vitória",V
"Corinthians","SãoPaulo",D
"Criciúma","Figueirense",V
"Cruzeiro","AtléticoMG",E
"Fortaleza","Paysandu",D
"Grêmio","Internacional",E
"Paraná","Juventude",D
"Santos","SãoCaetano",D
"Vasco","Flamengo",D
"Flamengo","Cruzeiro",V
"Bahia","Coritiba",E
"AtléticoMG","Grêmio",V
"SãoPaulo","Goiás",V
"Vasco","Criciúma",V
"Internacional","Paraná",V
"Figueirense","Fortaleza",E
"Fluminense","Guarani",V
"Juventude","Cruzeiro",D
"Paysandu","Flamengo",E
"PontePreta","Corinthians",E
"SãoCaetano","Vitória",V
"Coritiba","SãoCaetano",V
"Flamengo","Figueirense",D
"Fortaleza","Vasco",D
"Grêmio","Juventude",D
"Santos","Bahia",V
"Corinthians","Fluminense",V
"Criciúma","Paysandu",V
"Cruzeiro","Internacional",V
"Guarani","SãoPaulo",D
"Paraná","AtléticoMG",E
"Vitória","AtléticoPR",V
"Vasco","Paraná",D
"SãoPaulo","SãoCaetano",E
"AtléticoMG","Paysandu",V
"Figueirense","Cruzeiro",V
"Juventude","Internacional",E
"Grêmio","Flamengo",V
"Fluminense","Bahia",V
"Guarani","Goiás",V
"AtléticoPR","Corinthians",V
"Fortaleza","Criciúma",D
"Vitória","PontePreta",D
"Santos","Coritiba",V
"Cruzeiro","Fortaleza",V
"Bahia","Guarani",V
"SãoCaetano","AtléticoPR",E
"Flamengo","Juventude",V
"Internacional","Vasco",V
"Goiás","Vitória",E
"Coritiba","SãoPaulo",D
"Paysandu","Figueirense",V
"Corinthians","Santos",E
"Paraná","Grêmio",V
"PontePreta","Fluminense",V
"Criciúma","AtléticoMG",V
"AtléticoPR","Goiás",E
"Fortaleza","Internacional",V
"Vasco","Paysandu",D
"AtléticoMG","Flamengo",V
"Corinthians","Coritiba",D
"Criciúma","Juventude",V
"Figueirense","Paraná",V
"Fluminense","SãoPaulo",D
"Grêmio","Cruzeiro",D
"PontePreta","Bahia",V
"SãoCaetano","Guarani",D
"Vitória","Santos",V
"Bahia","SãoCaetano",E
"Coritiba","Fluminense",V
"Cruzeiro","Vasco",V
"Flamengo","Fortaleza",D
"Goiás","Corinthians",E
"Guarani","Vitória",E
"Internacional","AtléticoMG",E
"Juventude","Figueirense",D
"Santos","PontePreta",V
"Paysandu","Grêmio",E
"SãoPaulo","AtléticoPR",V
"Corinthians","Guarani",V
"Fluminense","Santos",D
"Fortaleza","AtléticoMG",V
"Internacional","Figueirense",V
"Juventude","Paysandu",V
"AtléticoPR","Bahia",V
"Criciúma","Flamengo",V
"Cruzeiro","Paraná",V
"Goiás","SãoCaetano",V
"PontePreta","Coritiba",E
"Vasco","Grêmio",V
"Vitória","SãoPaulo",D
"AtléticoMG","Juventude",V
"Bahia","Corinthians",E
"Figueirense","Vasco",E
"Guarani","AtléticoPR",V
"Paraná","Fortaleza",V
"Paysandu","Cruzeiro",V
"Santos","Goiás",E
"Coritiba","Vitória",E
"Flamengo","Internacional",V
"Grêmio","Criciúma",D
"SãoCaetano","Fluminense",V
"SãoPaulo","PontePreta",D
"AtléticoPR","Paysandu",E
"Goiás","AtléticoMG",E
"Santos","Vasco",V
"Corinthians","Grêmio",V
"Criciúma","Coritiba",D
"Cruzeiro","Bahia",V
"Flamengo","SãoPaulo",E
"Fortaleza","PontePreta",D
"Guarani","Figueirense",V
"Internacional","SãoCaetano",E
"Juventude","Fluminense",V
"Vitória","Paraná",D
"AtléticoPR","Santos",D
"Goiás","PontePreta",E
"Paraná","Criciúma",V
"Fluminense","Cruzeiro",E
"Grêmio","Santos",V
"SãoCaetano","Juventude",E
"SãoPaulo","Internacional",D
"AtléticoMG","Vitória",V
"Bahia","Criciúma",E
"Coritiba","Fortaleza",E
"Figueirense","Goiás",D
"Paraná","Corinthians",E
"Paysandu","Guarani",V
"PontePreta","Flamengo",E
"Vasco","AtléticoPR",V
"AtléticoPR","Paraná",V
"Criciúma","SãoCaetano",D
"Cruzeiro","SãoPaulo",E
"Fortaleza","Fluminense",V
"Goiás","Vasco",V
"Juventude","PontePreta",E
"Santos","AtléticoMG",E
"Vitória","Paysandu",E
"Corinthians","Figueirense",D
"Flamengo","Bahia",V
"Guarani","Grêmio",V
"Internacional","Coritiba",V
"Fluminense","Criciúma",E
"Paraná","Santos",D
"SãoCaetano","Cruzeiro",V
"SãoPaulo","Juventude",V
"AtléticoMG","Corinthians",D
"Bahia","Fortaleza",V
"Coritiba","Flamengo",V
"Figueirense","Vitória",D
"Grêmio","AtléticoPR",E
"Paysandu","Goiás",E
"PontePreta","Internacional",D
"Vasco","Guarani",E
"AtléticoMG","AtléticoPR",D
"Bahia","Internacional",D
"Coritiba","Juventude",V
"Figueirense","Santos",V
"SãoPaulo","Criciúma",E
"Vasco","Vitória",V
"Fluminense","Flamengo",D
"Grêmio","Goiás",D
"Paraná","Guarani",E
"Paysandu","Corinthians",E
"PontePreta","Cruzeiro",D
"SãoCaetano","Fortaleza",V
"AtléticoPR","Figueirense",D
"Corinthians","Vasco",E
"Cruzeiro","Coritiba",E
"Flamengo","SãoCaetano",V
"Fortaleza","SãoPaulo",D
"Goiás","Paraná",V
"Juventude","Bahia",V
"Santos","Paysandu",V
"Vitória","Grêmio",V
"Guarani","AtléticoMG",E
"Criciúma","PontePreta",V
"Internacional","Fluminense",D
"AtléticoPR","Fortaleza",V
"Goiás","Cruzeiro",V
"Grêmio","SãoCaetano",E
"Santos","Flamengo",V
"AtléticoMG","Bahia",V
"Corinthians","Internacional",V
"Figueirense","Coritiba",D
"Guarani","Criciúma",V
"Paraná","Fluminense",V
"Paysandu","PontePreta",V
"Vasco","SãoPaulo",V
"Vitória","Juventude",V
"Cruzeiro","Guarani",V
"Fluminense","Grêmio",V
"Fortaleza","Santos",E
"Internacional","Vitória",D
"SãoPaulo","Paysandu",V
"Bahia","Paraná",V
"Coritiba","AtléticoMG",E
"Criciúma","AtléticoPR",V
"Flamengo","Corinthians",V
"Juventude","Goiás",D
"PontePreta","Figueirense",E
"SãoCaetano","Vasco",V
"AtléticoPR","Cruzeiro",D
"Corinthians","Fortaleza",V
"Grêmio","Bahia",E
"Santos","Criciúma",V
"AtléticoMG","PontePreta",V
"Figueirense","SãoPaulo",E
"Goiás","Internacional",V
"Guarani","Juventude",V
"Paraná","Coritiba",D
"Paysandu","SãoCaetano",V
"Vasco","Fluminense",V
"Vitória","Flamengo",V
"Coritiba","Grêmio",V
"Cruzeiro","Santos",V
"PontePreta","Paraná",V
"Fluminense","Paysandu",E
"Internacional","Guarani",V
"Bahia","Vasco",V
"Criciúma","Corinthians",V
"Flamengo","Goiás",E
"Fortaleza","Vitória",V
"Juventude","AtléticoPR",V
"SãoCaetano","Figueirense",D
"SãoPaulo","AtléticoMG",E
"Goiás","Fortaleza",D
"Paysandu","Bahia",V
"Vitória","Criciúma",E
"Grêmio","PontePreta",E
"AtléticoPR","Internacional",V
"Santos","Juventude",E
"Guarani","Flamengo",V
"Paraná","SãoPaulo",V
"Corinthians","Cruzeiro",D
"AtléticoMG","SãoCaetano",V
"Figueirense","Fluminense",E
"Vasco","Coritiba",V
"Flamengo","AtléticoPR",V
"Internacional","Santos",V
"SãoPaulo","Grêmio",V
"Bahia","Figueirense",E
"Coritiba","Paysandu",V
"Criciúma","Goiás",V
"Cruzeiro","Vitória",V
"Fluminense","AtléticoMG",D
"Fortaleza","Guarani",V
"Juventude","Corinthians",V
"PontePreta","Vasco",E
"SãoCaetano","Paraná",V
"AtléticoPR","Fluminense",E
"Paysandu","Internacional",E
"Grêmio","Figueirense",V
"SãoCaetano","PontePreta",V
"SãoPaulo","Santos",D
"Vitória","Corinthians",D
"Flamengo","Paraná",D
"Goiás","Bahia",V
"AtléticoMG","Vasco",V
"Juventude","Fortaleza",E
"Criciúma","Cruzeiro",D
"Guarani","Coritiba",V
"Cruzeiro","Flamengo",V
"Coritiba","Goiás",V
"Bahia","SãoPaulo",V
"Santos","Guarani",E
"PontePreta","AtléticoPR",E
"Fortaleza","Grêmio",E
"Vasco","Juventude",E
"Corinthians","SãoCaetano",D
"Fluminense","Vitória",V
"Paraná","Paysandu",V
"Figueirense","AtléticoMG",D
"Internacional","Criciúma",V
"SãoCaetano","Santos",E
"AtléticoPR","Coritiba",V
"Guarani","PontePreta",D
"Vitória","Bahia",V
"Flamengo","Vasco",V
"Goiás","Fluminense",V
"SãoPaulo","Corinthians",V
"AtléticoMG","Cruzeiro",D
"Internacional","Grêmio",D
"Juventude","Paraná",E
"Figueirense","Criciúma",V
"Paysandu","Fortaleza",V
"Coritiba","Bahia",V
"Grêmio","AtléticoMG",E
"Flamengo","Paysandu",V
"Goiás","SãoPaulo",V
"Guarani","Fluminense",V
"Corinthians","PontePreta",V
"Santos","AtléticoPR",V
"Paraná","Internacional",V
"Criciúma","Vasco",V
"Fortaleza","Figueirense",E
"Vitória","SãoCaetano",E
"Cruzeiro","Juventude",D
"SãoCaetano","Coritiba",V
"Figueirense","Flamengo",E
"Fluminense","Corinthians",V
"PontePreta","Goiás",D
"Bahia","Santos",D
"AtléticoPR","Vitória",D
"Internacional","Cruzeiro",V
"Paysandu","Criciúma",V
"AtléticoMG","Paraná",E
"Juventude","Grêmio",D
"Vasco","Fortaleza",E
"SãoPaulo","Guarani",E
"Bahia","Fluminense",E
"Cruzeiro","Figueirense",V
"Coritiba","Santos",D
"PontePreta","Vitória",E
"Paysandu","AtléticoMG",V
"Paraná","Vasco",E
"Flamengo","Grêmio",V
"Corinthians","AtléticoPR",D
"SãoCaetano","SãoPaulo",D
"Criciúma","Fortaleza",E
"Internacional","Juventude",E
"Goiás","Guarani",V
"Guarani","Bahia",V
"AtléticoPR","SãoCaetano",V
"Grêmio","Paraná",D
"Fluminense","PontePreta",E
"AtléticoMG","Criciúma",E
"SãoPaulo","Coritiba",V
"Fortaleza","Cruzeiro",D
"Vasco","Internacional",D
"Figueirense","Paysandu",V
"Vitória","Goiás",D
"Santos","Corinthians",V
"Juventude","Flamengo",E
"Paysandu","Vasco",D
"Juventude","Criciúma",V
"SãoPaulo","Fluminense",V
"Coritiba","Corinthians",V
"Santos","Vitória",V
"Cruzeiro","Grêmio",V
"Internacional","Fortaleza",E
"Paraná","Figueirense",E
"Guarani","SãoCaetano",D
"Bahia","PontePreta",V
"Goiás","AtléticoPR",V
"Flamengo","AtléticoMG",V
"Fluminense","Coritiba",V
"Criciúma","Paraná",D
"Grêmio","Paysandu",V
"PontePreta","Santos",D
"Vitória","Guarani",E
"Figueirense","Juventude",V
"Fortaleza","Flamengo",V
"Vasco","Cruzeiro",D
"Corinthians","Goiás",V
"AtléticoPR","SãoPaulo",V
"AtléticoMG","Internacional",D
"SãoCaetano","Bahia",V
"AtléticoMG","Fortaleza",V
"Coritiba","PontePreta",E
"Figueirense","Internacional",V
"Flamengo","Criciúma",V
"Grêmio","Vasco",V
"Santos","Fluminense",V
"SãoPaulo","Vitória",V
"Paraná","Cruzeiro",D
"SãoCaetano","Goiás",V
"Guarani","Corinthians",D
"Paysandu","Juventude",V
"Bahia","AtléticoPR",D
"Vasco","Figueirense",V
"Juventude","AtléticoMG",V
"Fluminense","SãoCaetano",V
"Internacional","Flamengo",V
"AtléticoPR","Guarani",V
"Cruzeiro","Paysandu",V
"Corinthians","Bahia",D
"Goiás","Santos",V
"PontePreta","SãoPaulo",D
"Fortaleza","Paraná",V
"Vitória","Coritiba",V
"Criciúma","Grêmio",D
"Vitória","AtléticoMG",D
"AtléticoPR","Vasco",E
"Goiás","Figueirense",D
"Corinthians","Paraná",E
"Cruzeiro","Fluminense",V
"Guarani","Paysandu",V
"Fortaleza","Coritiba",E
"Internacional","SãoPaulo",E
"Flamengo","PontePreta",E
"Criciúma","Bahia",V
"Santos","Grêmio",E
"Juventude","SãoCaetano",V
"AtléticoMG","Goiás",V
"Paraná","Vitória",V
"SãoCaetano","Internacional",V
"Coritiba","Criciúma",V
"Figueirense","Guarani",V
"SãoPaulo","Flamengo",D
"Vasco","Santos",E
"Fluminense","Juventude",V
"Grêmio","Corinthians",V
"Paysandu","AtléticoPR",E
"PontePreta","Fortaleza",V
"Bahia","Cruzeiro",D
"Botafogo","Goiás",D
"Figueirense","Internacional",V
"SãoCaetano","Vitória",V
"Cruzeiro","Juventude",V
"Palmeiras","AtléticoMG",E
"Grêmio","Flamengo",E
"PontePreta","Corinthians",V
"Paraná","Santos",V
"Coritiba","Guarani",V
"Vasco","Criciúma",D
"Paysandu","Fluminense",E
"SãoPaulo","AtléticoPR",V
"Flamengo","PontePreta",E
"Goiás","Cruzeiro",E
"Juventude","Grêmio",E
"Internacional","Palmeiras",V
"AtléticoMG","Vasco",E
"Fluminense","Coritiba",E
"Corinthians","Paysandu",V
"Guarani","SãoCaetano",E
"AtléticoPR","Figueirense",D
"Vitória","Paraná",V
"Criciúma","SãoPaulo",E
"Santos","Botafogo",V
"Botafogo","AtléticoMG",E
"Coritiba","Internacional",E
"Cruzeiro","Criciúma",E
"Paysandu","AtléticoPR",D
"PontePreta","Goiás",V
"Figueirense","Santos",V
"Grêmio","Corinthians",V
"SãoPaulo","Fluminense",V
"Vasco","Guarani",D
"Paraná","Flamengo",V
"Palmeiras","Vitória",E
"AtléticoMG","PontePreta",D
"Criciúma","Botafogo",V
"Goiás","Grêmio",V
"Internacional","Paysandu",V
"AtléticoPR","Coritiba",E
"Corinthians","Palmeiras",D
"Flamengo","SãoCaetano",E
"Fluminense","Vasco",V
"Guarani","SãoPaulo",D
"Juventude","Paraná",V
"Santos","Cruzeiro",D
"Vitória","Figueirense",V
"Guarani","AtléticoPR",E
"Palmeiras","PontePreta",V
"Paraná","Cruzeiro",V
"Vasco","Grêmio",E
"Santos","Juventude",V
"SãoCaetano","Criciúma",V
"AtléticoMG","Corinthians",E
"Botafogo","Paysandu",E
"Coritiba","SãoPaulo",D
"Goiás","Figueirense",V
"Internacional","Fluminense",E
"Vitória","Flamengo",V
"AtléticoPR","Santos",V
"Paysandu","Vasco",D
"Corinthians","Guarani",V
"Fluminense","Vitória",V
"Criciúma","Goiás",V
"Cruzeiro","Palmeiras",V
"Figueirense","SãoCaetano",V
"Flamengo","Internacional",D
"Grêmio","Botafogo",E
"Juventude","AtléticoMG",E
"PontePreta","Coritiba",E
"SãoPaulo","Paraná",E
"Botafogo","Figueirense",E
"Coritiba","AtléticoMG",D
"Internacional","Goiás",V
"Paysandu","Grêmio",D
"Corinthians","AtléticoPR",D
"Criciúma","Vitória",V
"Cruzeiro","SãoPaulo",V
"Flamengo","Fluminense",D
"Juventude","Guarani",V
"Paraná","PontePreta",D
"Santos","Palmeiras",D
"SãoCaetano","Vasco",V
"Fluminense","Criciúma",E
"Palmeiras","Coritiba",V
"PontePreta","Juventude",D
"Vitória","Internacional",V
"Figueirense","Paysandu",E
"AtléticoMG","Santos",E
"AtléticoPR","Cruzeiro",V
"Goiás","Flamengo",E
"Grêmio","SãoCaetano",D
"Guarani","Paraná",V
"SãoPaulo","Corinthians",E
"Vasco","Botafogo",V
"Fluminense","Guarani",E
"Internacional","AtléticoMG",V
"Paraná","Botafogo",E
"SãoPaulo","Grêmio",V
"Coritiba","SãoCaetano",V
"Criciúma","Juventude",V
"Cruzeiro","Paysandu",V
"Flamengo","AtléticoPR",V
"Goiás","Corinthians",E
"Palmeiras","Vasco",E
"PontePreta","Figueirense",D
"Vitória","Santos",D
"AtléticoPR","Vitória",D
"Figueirense","Cruzeiro",E
"Grêmio","Coritiba",E
"Vasco","Paraná",E
"AtléticoMG","Fluminense",V
"Botafogo","PontePreta",D
"Corinthians","Flamengo",E
"Guarani","Criciúma",V
"Juventude","Goiás",E
"Paysandu","SãoPaulo",V
"Santos","Internacional",V
"SãoCaetano","Palmeiras",E
"SãoCaetano","Juventude",V
"Santos","Guarani",V
"Coritiba","Paraná",E
"Criciúma","Grêmio",D
"Flamengo","Figueirense",D
"AtléticoMG","AtléticoPR",D
"Botafogo","Fluminense",E
"Goiás","SãoCaetano",V
"Internacional","Vasco",D
"Juventude","Corinthians",V
"Palmeiras","SãoPaulo",V
"Paysandu","Vitória",V
"PontePreta","Cruzeiro",V
"AtléticoPR","Juventude",V
"Figueirense","Vasco",E
"Fluminense","Grêmio",V
"Guarani","AtléticoMG",E
"Internacional","Criciúma",V
"SãoPaulo","PontePreta",V
"Vitória","Goiás",E
"Corinthians","Santos",D
"Cruzeiro","Coritiba",D
"Flamengo","Paysandu",V
"Paraná","Palmeiras",D
"SãoCaetano","Botafogo",D
"Goiás","Fluminense",V
"Grêmio","Figueirense",E
"SãoPaulo","AtléticoMG",V
"Vasco","Vitória",V
"Botafogo","Internacional",V
"Coritiba","Corinthians",D
"Criciúma","Flamengo",E
"Cruzeiro","Guarani",V
"Palmeiras","Juventude",V
"Paraná","AtléticoPR",V
"Paysandu","SãoCaetano",E
"PontePreta","Santos",D
"AtléticoMG","Cruzeiro",V
"AtléticoPR","Palmeiras",E
"Corinthians","Paraná",V
"Figueirense","Criciúma",V
"Flamengo","Vasco",D
"Fluminense","SãoCaetano",V
"Goiás","Paysandu",V
"Internacional","Grêmio",V
"Juventude","Coritiba",V
"PontePreta","Guarani",V
"Santos","SãoPaulo",V
"Vitória","Botafogo",V
"AtléticoMG","Vitória",E
"AtléticoPR","Goiás",V
"Botafogo","Palmeiras",E
"Corinthians","Criciúma",V
"Figueirense","Paraná",E
"Grêmio","Cruzeiro",D
"Guarani","Internacional",V
"Juventude","Fluminense",V
"Paysandu","PontePreta",V
"Santos","Flamengo",V
"SãoCaetano","SãoPaulo",E
"Vasco","Coritiba",D
"Coritiba","Paysandu",E
"Criciúma","AtléticoMG",V
"Cruzeiro","Botafogo",V
"Flamengo","Juventude",D
"Fluminense","Santos",V
"Goiás","Guarani",V
"Internacional","AtléticoPR",V
"Palmeiras","Grêmio",V
"Paraná","SãoCaetano",D
"PontePreta","Vasco",V
"SãoPaulo","Figueirense",V
"Vitória","Corinthians",E
"Paysandu","Palmeiras",V
"AtléticoMG","Goiás",D
"Guarani","Flamengo",D
"Grêmio","Paraná",V
"Vasco","Cruzeiro",V
"Corinthians","Internacional",E
"Figueirense","Coritiba",E
"SãoCaetano","PontePreta",D
"Juventude","Vitória",V
"Santos","Criciúma",V
"AtléticoPR","Fluminense",V
"Botafogo","SãoPaulo",V
"Coritiba","Botafogo",V
"Criciúma","AtléticoPR",V
"Cruzeiro","SãoCaetano",D
"Flamengo","AtléticoMG",E
"Fluminense","Corinthians",V
"Goiás","Santos",E
"Internacional","Juventude",D
"Palmeiras","Figueirense",E
"Paraná","Paysandu",V
"PontePreta","Grêmio",V
"SãoPaulo","Vasco",V
"Vitória","Guarani",V
"AtléticoPR","PontePreta",V
"Botafogo","Flamengo",E
"Corinthians","Cruzeiro",V
"Figueirense","Fluminense",V
"Grêmio","Vitória",V
"Guarani","Palmeiras",V
"Juventude","SãoPaulo",D
"Paysandu","Criciúma",E
"AtléticoMG","Paraná",V
"Santos","Coritiba",V
"SãoCaetano","Internacional",V
"Vasco","Goiás",V
"AtléticoPR","Grêmio",E
"Fluminense","Cruzeiro",E
"AtléticoMG","Figueirense",V
"Corinthians","SãoCaetano",V
"Criciúma","PontePreta",V
"Flamengo","Palmeiras",D
"Goiás","Paraná",V
"Guarani","Botafogo",D
"Internacional","SãoPaulo",E
"Juventude","Vasco",E
"Santos","Paysandu",V
"Vitória","Coritiba",E
"Coritiba","Flamengo",V
"Figueirense","Guarani",E
"Grêmio","Santos",V
"Palmeiras","Goiás",D
"Paraná","Criciúma",D
"Paysandu","AtléticoMG",V
"PontePreta","Fluminense",V
"SãoCaetano","AtléticoPR",D
"Vasco","Corinthians",D
"Botafogo","Juventude",D
"Cruzeiro","Internacional",V
"SãoPaulo","Vitória",V
"AtléticoMG","Grêmio",V
"Fluminense","Paraná",V
"Goiás","Coritiba",D
"Santos","SãoCaetano",D
"AtléticoPR","Vasco",V
"Corinthians","Botafogo",E
"Criciúma","Palmeiras",D
"Flamengo","SãoPaulo",V
"Guarani","Paysandu",E
"Internacional","PontePreta",D
"Juventude","Figueirense",E
"Vitória","Cruzeiro",V
"Cruzeiro","Flamengo",V
"Figueirense","Corinthians",D
"Grêmio","Guarani",E
"Paraná","Internacional",D
"Paysandu","Juventude",D
"PontePreta","Vitória",V
"SãoPaulo","Goiás",V
"Vasco","Santos",D
"Botafogo","AtléticoPR",E
"Coritiba","Criciúma",V
"Palmeiras","Fluminense",V
"SãoCaetano","AtléticoMG",E
"Corinthians","PontePreta",V
"Flamengo","Grêmio",V
"Internacional","Figueirense",V
"Juventude","Cruzeiro",V
"AtléticoMG","Palmeiras",D
"AtléticoPR","SãoPaulo",V
"Criciúma","Vasco",V
"Fluminense","Paysandu",E
"Goiás","Botafogo",V
"Guarani","Coritiba",E
"Santos","Paraná",V
"Vitória","SãoCaetano",D
"Botafogo","Santos",V
"Cruzeiro","Goiás",D
"Figueirense","AtléticoPR",E
"Grêmio","Juventude",D
"Palmeiras","Internacional",V
"Paraná","Vitória",V
"Paysandu","Corinthians",V
"PontePreta","Flamengo",V
"SãoCaetano","Guarani",V
"Coritiba","Fluminense",V
"SãoPaulo","Criciúma",V
"Vasco","AtléticoMG",V
"Corinthians","Grêmio",E
"Flamengo","Paraná",V
"Santos","Figueirense",V
"AtléticoMG","Botafogo",E
"AtléticoPR","Paysandu",V
"Criciúma","Cruzeiro",D
"Fluminense","SãoPaulo",V
"Goiás","PontePreta",V
"Guarani","Vasco",E
"Internacional","Coritiba",E
"Juventude","SãoCaetano",E
"Vitória","Palmeiras",E
"Botafogo","Criciúma",E
"Grêmio","Goiás",E
"Paraná","Juventude",D
"Paysandu","Internacional",V
"SãoPaulo","Guarani",E
"Coritiba","AtléticoPR",D
"Cruzeiro","Santos",E
"Figueirense","Vitória",V
"Palmeiras","Corinthians",D
"PontePreta","AtléticoMG",E
"SãoCaetano","Flamengo",D
"Vasco","Fluminense",E
"Criciúma","SãoCaetano",D
"Figueirense","Goiás",V
"Fluminense","Internacional",V
"Juventude","Santos",D
"PontePreta","Palmeiras",E
"SãoPaulo","Coritiba",D
"Corinthians","AtléticoMG",V
"Cruzeiro","Paraná",D
"Paysandu","Botafogo",V
"Grêmio","Vasco",D
"AtléticoPR","Guarani",V
"Flamengo","Vitória",V
"Palmeiras","Cruzeiro",D
"Vasco","Paysandu",D
"AtléticoMG","Juventude",E
"Goiás","Criciúma",V
"Guarani","Corinthians",D
"Internacional","Flamengo",E
"Paraná","SãoPaulo",D
"Santos","AtléticoPR",E
"SãoCaetano","Figueirense",V
"Botafogo","Grêmio",V
"Coritiba","PontePreta",V
"Vitória","Fluminense",D
"Goiás","Internacional",V
"Guarani","Juventude",V
"SãoPaulo","Cruzeiro",E
"Vasco","SãoCaetano",D
"AtléticoMG","Coritiba",V
"AtléticoPR","Corinthians",V
"Figueirense","Botafogo",V
"Fluminense","Flamengo",V
"Grêmio","Paysandu",E
"Palmeiras","Santos",D
"PontePreta","Paraná",D
"Vitória","Criciúma",V
"Criciúma","Fluminense",D
"Paraná","Guarani",E
"Santos","AtléticoMG",V
"SãoCaetano","Grêmio",V
"Botafogo","Vasco",E
"Corinthians","SãoPaulo",E
"Coritiba","Palmeiras",E
"Cruzeiro","AtléticoPR",D
"Flamengo","Goiás",V
"Internacional","Vitória",V
"Juventude","PontePreta",D
"Paysandu","Figueirense",V
"Figueirense","PontePreta",D
"AtléticoMG","Internacional",E
"Grêmio","SãoPaulo",V
"Guarani","Fluminense",E
"Paysandu","Cruzeiro",V
"SãoCaetano","Coritiba",V
"AtléticoPR","Flamengo",V
"Botafogo","Paraná",V
"Corinthians","Goiás",V
"Juventude","Criciúma",V
"Santos","Vitória",V
"Vasco","Palmeiras",D
"Coritiba","Grêmio",V
"Cruzeiro","Figueirense",E
"Fluminense","AtléticoMG",E
"SãoPaulo","Paysandu",V
"Criciúma","Guarani",E
"Flamengo","Corinthians",E
"Goiás","Juventude",D
"Internacional","Santos",V
"Palmeiras","SãoCaetano",V
"Paraná","Vasco",V
"PontePreta","Botafogo",E
"Vitória","AtléticoPR",D
"AtléticoPR","AtléticoMG",V
"Corinthians","Juventude",D
"Cruzeiro","PontePreta",V
"Figueirense","Flamengo",V
"Fluminense","Botafogo",D
"Grêmio","Criciúma",V
"Guarani","Santos",D
"Paraná","Coritiba",V
"SãoCaetano","Goiás",V
"SãoPaulo","Palmeiras",V
"Vasco","Internacional",V
"Vitória","Paysandu",V
"Coritiba","Cruzeiro",E
"Criciúma","Internacional",V
"Goiás","Vitória",V
"Grêmio","Fluminense",D
"PontePreta","SãoPaulo",D
"Santos","Corinthians",E
"Vasco","Figueirense",V
"AtléticoMG","Guarani",V
"Botafogo","SãoCaetano",E
"Juventude","AtléticoPR",E
"Palmeiras","Paraná",E
"Paysandu","Flamengo",E
"Corinthians","Coritiba",E
"Figueirense","Grêmio",V
"Vitória","Vasco",V
"Santos","PontePreta",V
"Fluminense","Goiás",D
"AtléticoMG","SãoPaulo",D
"AtléticoPR","Paraná",E
"Flamengo","Criciúma",V
"Guarani","Cruzeiro",V
"Internacional","Botafogo",V
"Juventude","Palmeiras",D
"SãoCaetano","Paysandu",V
"Botafogo","Vitória",E
"Coritiba","Juventude",D
"Cruzeiro","AtléticoMG",D
"Grêmio","Internacional",D
"Palmeiras","AtléticoPR",V
"Paysandu","Goiás",V
"Criciúma","Figueirense",V
"Guarani","PontePreta",E
"Paraná","Corinthians",D
"SãoCaetano","Fluminense",V
"SãoPaulo","Santos",V
"Vasco","Flamengo",V
"Cruzeiro","Grêmio",V
"Goiás","AtléticoPR",V
"Palmeiras","Botafogo",V
"Vitória","AtléticoMG",V
"Coritiba","Vasco",D
"Criciúma","Corinthians",E
"Flamengo","Santos",E
"Fluminense","Juventude",V
"Internacional","Guarani",D
"Paraná","Figueirense",V
"PontePreta","Paysandu",V
"AtléticoMG","Criciúma",E
"AtléticoPR","Internacional",V
"Botafogo","Cruzeiro",V
"Corinthians","Vitória",V
"Figueirense","SãoPaulo",V
"Grêmio","Palmeiras",D
"Guarani","Goiás",E
"Juventude","Flamengo",V
"Paysandu","Coritiba",E
"Santos","Fluminense",V
"Vasco","PontePreta",E
"SãoPaulo","SãoCaetano",V
"Flamengo","Guarani",V
"Goiás","AtléticoMG",V
"Palmeiras","Paysandu",V
"Paraná","Grêmio",V
"Coritiba","Figueirense",V
"Criciúma","Santos",E
"Cruzeiro","Vasco",V
"Fluminense","AtléticoPR",D
"Internacional","Corinthians",V
"PontePreta","SãoCaetano",D
"SãoPaulo","Botafogo",V
"Vitória","Juventude",E
"SãoCaetano","Paraná",V
"Botafogo","Coritiba",V
"SãoCaetano","Cruzeiro",V
"Grêmio","PontePreta",V
"Corinthians","Fluminense",E
"AtléticoMG","Flamengo",V
"AtléticoPR","Criciúma",V
"Figueirense","Palmeiras",D
"Guarani","Vitória",E
"Juventude","Internacional",D
"Paysandu","Paraná",E
"Santos","Goiás",V
"Vasco","SãoPaulo",E
"Fluminense","Figueirense",D
"Palmeiras","Guarani",D
"Paraná","AtléticoMG",V
"Vitória","Grêmio",V
"Coritiba","Santos",D
"Criciúma","Paysandu",V
"Cruzeiro","Corinthians",D
"Flamengo","Botafogo",E
"Goiás","Vasco",V
"Internacional","SãoCaetano",V
"PontePreta","AtléticoPR",D
"SãoPaulo","Juventude",V
"Botafogo","Guarani",V
"Cruzeiro","Fluminense",D
"Figueirense","AtléticoMG",V
"Paraná","Goiás",V
"SãoPaulo","Internacional",V
"Coritiba","Vitória",V
"Grêmio","AtléticoPR",E
"Palmeiras","Flamengo",D
"Paysandu","Santos",E
"PontePreta","Criciúma",V
"SãoCaetano","Corinthians",V
"Vasco","Juventude",E
"Criciúma","Paraná",D
"Fluminense","PontePreta",V
"Goiás","Palmeiras",E
"Guarani","Figueirense",V
"AtléticoMG","Paysandu",E
"Corinthians","Vasco",V
"Internacional","Cruzeiro",V
"Flamengo","Coritiba",E
"Vitória","SãoPaulo",D
"Santos","Grêmio",V
"AtléticoPR","SãoCaetano",V
"Juventude","Botafogo",V
"Grêmio","AtléticoMG",D
"Paysandu","Guarani",V
"Palmeiras","Criciúma",V
"Paraná","Fluminense",D
"Figueirense","Juventude",V
"Vasco","AtléticoPR",V
"Botafogo","Corinthians",D
"SãoCaetano","Santos",D
"PontePreta","Internacional",D
"Cruzeiro","Vitória",V
"SãoPaulo","Flamengo",E
"Coritiba","Goiás",V
"Criciúma","Coritiba",E
"Internacional","Paraná",V
"Flamengo","Cruzeiro",V
"Fluminense","Palmeiras",E
"Vitória","PontePreta",D
"Goiás","SãoPaulo",V
"Guarani","Grêmio",V
"AtléticoMG","SãoCaetano",V
"Santos","Vasco",V
"AtléticoPR","Botafogo",E
"Corinthians","Figueirense",V
"SãoCaetano","Palmeiras",E
"Paraná","Goiás",D
"Flamengo","Cruzeiro",E
"AtléticoMG","Figueirense",V
"Corinthians","Juventude",E
"Santos","Paysandu",V
"AtléticoPR","PontePreta",D
"Internacional","Botafogo",D
"Fortaleza","Coritiba",D
"Fluminense","SãoPaulo",V
"Brasiliense","Vasco",E
"SãoPaulo","Paraná",E
"PontePreta","AtléticoMG",E
"Palmeiras","Brasiliense",V
"Vasco","Fortaleza",E
"Goiás","SãoCaetano",E
"Coritiba","Santos",D
"Juventude","AtléticoPR",V
"Figueirense","Flamengo",D
"Paysandu","Fluminense",D
"Botafogo","Corinthians",V
"Cruzeiro","Internacional",V
"Santos","AtléticoPR",V
"Goiás","Figueirense",E
"Paraná","Juventude",E
"PontePreta","Paysandu",V
"Corinthians","SãoPaulo",D
"Coritiba","Palmeiras",V
"SãoCaetano","Fortaleza",V
"AtléticoMG","Brasiliense",D
"Internacional","Flamengo",V
"Vasco","Botafogo",D
"Fluminense","Cruzeiro",V
"SãoPaulo","Coritiba",V
"Fortaleza","PontePreta",V
"Figueirense","Internacional",D
"Botafogo","AtléticoMG",V
"AtléticoPR","Corinthians",D
"Juventude","Vasco",V
"Paysandu","SãoCaetano",V
"Flamengo","Santos",V
"Cruzeiro","Goiás",V
"Palmeiras","Paraná",D
"Brasiliense","Fluminense",D
"Juventude","Paysandu",V
"Paraná","PontePreta",E
"Fortaleza","Brasiliense",V
"Fluminense","Coritiba",D
"Goiás","Botafogo",V
"Corinthians","Figueirense",V
"SãoCaetano","Flamengo",V
"Santos","AtléticoMG",V
"AtléticoPR","Internacional",D
"Vasco","SãoPaulo",V
"Cruzeiro","Palmeiras",V
"SãoPaulo","Cruzeiro",E
"Paysandu","Goiás",V
"Figueirense","SãoCaetano",V
"Coritiba","Juventude",D
"AtléticoMG","Corinthians",D
"Internacional","Fortaleza",V
"PontePreta","Vasco",V
"Flamengo","Fluminense",E
"Botafogo","AtléticoPR",V
"Palmeiras","Santos",V
"Brasiliense","Paraná",V
"SãoCaetano","Brasiliense",V
"AtléticoPR","Figueirense",E
"Paraná","Fortaleza",V
"Cruzeiro","PontePreta",D
"Botafogo","Juventude",V
"Goiás","Palmeiras",V
"Corinthians","Flamengo",V
"Santos","Fluminense",E
"Internacional","AtléticoMG",E
"Paysandu","SãoPaulo",E
"Vasco","Coritiba",E
"AtléticoMG","SãoCaetano",D
"Figueirense","Paysandu",E
"Palmeiras","Vasco",V
"Brasiliense","Corinthians",D
"PontePreta","Goiás",V
"Flamengo","AtléticoPR",E
"Coritiba","Paraná",V
"SãoPaulo","Botafogo",V
"Juventude","Cruzeiro",E
"Fortaleza","Santos",E
"Fluminense","Internacional",V
"SãoPaulo","Internacional",D
"Juventude","PontePreta",D
"Paraná","AtléticoMG",V
"Flamengo","Brasiliense",D
"Corinthians","Fluminense",D
"SãoCaetano","Santos",D
"AtléticoPR","Fortaleza",E
"Paysandu","Palmeiras",V
"Botafogo","Figueirense",D
"Cruzeiro","Vasco",E
"Goiás","Coritiba",V
"Coritiba","Paysandu",V
"PontePreta","SãoPaulo",V
"Vasco","Goiás",D
"Fluminense","Paraná",D
"Santos","Juventude",E
"AtléticoMG","Flamengo",V
"Internacional","SãoCaetano",V
"Figueirense","Cruzeiro",E
"Fortaleza","Corinthians",V
"Palmeiras","Botafogo",V
"Brasiliense","AtléticoPR",V
"SãoCaetano","PontePreta",V
"SãoPaulo","Flamengo",V
"Juventude","Brasiliense",V
"Paraná","Figueirense",V
"Paysandu","Fortaleza",D
"Corinthians","Palmeiras",V
"AtléticoPR","Coritiba",V
"Vasco","Internacional",D
"Botafogo","Fluminense",D
"Cruzeiro","AtléticoMG",V
"Goiás","Santos",D
"PontePreta","Figueirense",V
"Paysandu","Cruzeiro",D
"Goiás","Brasiliense",D
"Paraná","Corinthians",D
"Fluminense","SãoCaetano",D
"Coritiba","Botafogo",D
"Santos","SãoPaulo",V
"AtléticoMG","AtléticoPR",D
"Internacional","Juventude",V
"Flamengo","Vasco",V
"Palmeiras","Fortaleza",D
"SãoCaetano","Paraná",E
"Santos","Vasco",D
"AtléticoPR","Fluminense",V
"Internacional","Goiás",D
"Figueirense","Palmeiras",D
"Fortaleza","AtléticoMG",D
"Botafogo","PontePreta",V
"Brasiliense","SãoPaulo",E
"Corinthians","Paysandu",V
"Cruzeiro","Coritiba",E
"Flamengo","Juventude",D
"SãoPaulo","SãoCaetano",D
"Paraná","AtléticoPR",V
"Goiás","Fortaleza",V
"Botafogo","Brasiliense",E
"Coritiba","Flamengo",V
"Juventude","Figueirense",D
"PontePreta","Fluminense",V
"Paysandu","Internacional",D
"Vasco","Corinthians",D
"Cruzeiro","Santos",V
"Palmeiras","AtléticoMG",V
"Corinthians","Cruzeiro",V
"SãoCaetano","Botafogo",D
"Santos","PontePreta",D
"AtléticoMG","SãoPaulo",E
"AtléticoPR","Vasco",V
"Fortaleza","Juventude",V
"Fluminense","Goiás",E
"Internacional","Paraná",D
"Figueirense","Coritiba",E
"Flamengo","Palmeiras",E
"Brasiliense","Paysandu",E
"Vasco","SãoCaetano",V
"Cruzeiro","Fortaleza",V
"Goiás","AtléticoMG",V
"Coritiba","Brasiliense",E
"Santos","Corinthians",V
"Juventude","SãoPaulo",V
"Figueirense","Fluminense",E
"PontePreta","Internacional",E
"Paysandu","Paraná",D
"Botafogo","Flamengo",D
"Palmeiras","AtléticoPR",E
"Corinthians","Coritiba",V
"SãoCaetano","Juventude",E
"AtléticoMG","Paysandu",E
"AtléticoPR","Goiás",V
"Internacional","Santos",D
"Paraná","Botafogo",V
"Flamengo","PontePreta",V
"Brasiliense","Cruzeiro",D
"SãoPaulo","Palmeiras",E
"Fortaleza","Figueirense",V
"Fluminense","Vasco",V
"Corinthians","SãoCaetano",D
"AtléticoPR","Cruzeiro",V
"Botafogo","Paysandu",V
"SãoPaulo","Goiás",D
"AtléticoMG","Fluminense",D
"Juventude","Palmeiras",D
"Paraná","Santos",E
"PontePreta","Coritiba",D
"Fortaleza","Flamengo",V
"Vasco","Figueirense",V
"Brasiliense","Internacional",E
"Coritiba","AtléticoMG",V
"SãoCaetano","AtléticoPR",V
"Internacional","Corinthians",E
"Figueirense","SãoPaulo",V
"Paysandu","Vasco",D
"Cruzeiro","Botafogo",V
"Palmeiras","PontePreta",V
"Santos","Brasiliense",E
"Fluminense","Fortaleza",V
"Flamengo","Paraná",E
"Goiás","Juventude",V
"Coritiba","SãoCaetano",E
"Palmeiras","Internacional",V
"Paysandu","AtléticoPR",V
"SãoPaulo","Fortaleza",V
"Juventude","Fluminense",V
"Figueirense","Brasiliense",E
"PontePreta","Corinthians",D
"Vasco","AtléticoMG",V
"Botafogo","Santos",E
"Cruzeiro","Paraná",D
"Goiás","Flamengo",V
"SãoCaetano","Cruzeiro",D
"AtléticoMG","Juventude",V
"AtléticoPR","SãoPaulo",V
"Corinthians","Goiás",E
"Santos","Figueirense",V
"Internacional","Coritiba",V
"Paraná","Vasco",E
"Fortaleza","Botafogo",V
"Flamengo","Paysandu",V
"Fluminense","Palmeiras",E
"Brasiliense","PontePreta",V
"SãoPaulo","Fluminense",E
"Juventude","Corinthians",V
"PontePreta","AtléticoPR",D
"Paysandu","Santos",D
"Vasco","Brasiliense",V
"Cruzeiro","Flamengo",E
"Palmeiras","SãoCaetano",V
"Goiás","Paraná",E
"Coritiba","Fortaleza",V
"Figueirense","AtléticoMG",D
"Botafogo","Internacional",D
"SãoCaetano","Goiás",D
"AtléticoPR","Juventude",E
"Brasiliense","Palmeiras",V
"Corinthians","Botafogo",E
"Santos","Coritiba",V
"AtléticoMG","PontePreta",V
"Internacional","Cruzeiro",V
"Paraná","SãoPaulo",D
"Fortaleza","Vasco",V
"Flamengo","Figueirense",E
"Fluminense","Paysandu",V
"AtléticoPR","Santos",E
"Botafogo","Vasco",E
"Brasiliense","AtléticoMG",D
"Cruzeiro","Fluminense",D
"Figueirense","Goiás",V
"Fortaleza","SãoCaetano",V
"Juventude","Paraná",V
"Paysandu","PontePreta",E
"SãoPaulo","Corinthians",V
"Flamengo","Internacional",E
"Palmeiras","Coritiba",E
"SãoCaetano","Paysandu",D
"Fluminense","Brasiliense",V
"Goiás","Cruzeiro",V
"AtléticoMG","Botafogo",D
"Corinthians","AtléticoPR",V
"Coritiba","SãoPaulo",D
"Internacional","Figueirense",V
"Paraná","Palmeiras",D
"PontePreta","Fortaleza",V
"Santos","Flamengo",E
"Vasco","Juventude",V
"Flamengo","SãoCaetano",V
"Palmeiras","Cruzeiro",V
"Paysandu","Juventude",V
"PontePreta","Paraná",V
"AtléticoMG","Santos",V
"Botafogo","Goiás",V
"Brasiliense","Fortaleza",D
"Coritiba","Fluminense",E
"Figueirense","Corinthians",D
"Internacional","AtléticoPR",V
"SãoPaulo","Vasco",V
"Cruzeiro","SãoPaulo",D
"Fluminense","Flamengo",E
"Fortaleza","Internacional",D
"Goiás","Paysandu",V
"Paraná","Brasiliense",V
"Santos","Palmeiras",V
"SãoCaetano","Figueirense",D
"AtléticoPR","Botafogo",V
"Corinthians","AtléticoMG",E
"Juventude","Coritiba",E
"Vasco","PontePreta",E
"Fortaleza","Paraná",E
"Brasiliense","SãoCaetano",E
"SãoPaulo","Paysandu",V
"AtléticoMG","Internacional",E
"Coritiba","Vasco",V
"Figueirense","AtléticoPR",V
"Flamengo","Corinthians",D
"Fluminense","Santos",V
"Juventude","Botafogo",E
"Palmeiras","Goiás",V
"PontePreta","Cruzeiro",D
"Cruzeiro","Juventude",V
"Goiás","PontePreta",V
"Paraná","Coritiba",V
"Paysandu","Figueirense",V
"Santos","Fortaleza",E
"SãoCaetano","AtléticoMG",V
"AtléticoPR","Flamengo",V
"Botafogo","SãoPaulo",E
"Corinthians","Brasiliense",V
"Internacional","Fluminense",E
"Vasco","Palmeiras",E
"AtléticoMG","Paraná",D
"Coritiba","Goiás",D
"PontePreta","Juventude",V
"Santos","SãoCaetano",V
"Brasiliense","Flamengo",D
"Figueirense","Botafogo",V
"Fluminense","Corinthians",D
"Fortaleza","AtléticoPR",D
"Internacional","SãoPaulo",V
"Palmeiras","Paysandu",V
"Vasco","Cruzeiro",E
"Botafogo","Palmeiras",D
"Corinthians","Fortaleza",V
"Cruzeiro","Figueirense",V
"Goiás","Vasco",V
"Juventude","Santos",V
"Paraná","Fluminense",V
"AtléticoPR","Brasiliense",V
"Flamengo","AtléticoMG",D
"Paysandu","Coritiba",V
"SãoCaetano","Internacional",E
"SãoPaulo","PontePreta",V
"Cruzeiro","Botafogo",E
"Juventude","Fluminense",D
"Vasco","Figueirense",E
"Santos","Corinthians",D
"Brasiliense","Juventude",V
"Coritiba","AtléticoPR",D
"Figueirense","Paraná",V
"Fluminense","Botafogo",V
"Fortaleza","Paysandu",D
"AtléticoMG","Cruzeiro",D
"Flamengo","SãoPaulo",D
"Internacional","Vasco",V
"Palmeiras","Corinthians",E
"PontePreta","SãoCaetano",D
"Santos","Goiás",E
"Juventude","Figueirense",E
"Paysandu","Cruzeiro",V
"PontePreta","SãoPaulo",V
"Vasco","Botafogo",V
"Brasiliense","Goiás",D
"SãoCaetano","Fluminense",E
"AtléticoPR","AtléticoMG",V
"Botafogo","Coritiba",V
"Corinthians","Paraná",V
"Cruzeiro","Paysandu",V
"Figueirense","PontePreta",V
"Fortaleza","Palmeiras",E
"Juventude","Internacional",V
"SãoPaulo","Santos",D
"Vasco","Flamengo",V
"Fluminense","Brasiliense",E
"SãoPaulo","Corinthians",E
"Coritiba","Cruzeiro",D
"Goiás","Internacional",D
"AtléticoMG","Fortaleza",D
"Juventude","Flamengo",E
"Palmeiras","Figueirense",E
"Vasco","Santos",D
"Fluminense","AtléticoPR",V
"Paysandu","Corinthians",D
"PontePreta","Botafogo",D
"SãoPaulo","Brasiliense",D
"Internacional","Coritiba",V
"Paraná","SãoCaetano",D
"Figueirense","Juventude",V
"Fortaleza","Goiás",E
"AtléticoMG","Palmeiras",D
"AtléticoPR","Paraná",V
"Brasiliense","Botafogo",E
"Corinthians","Vasco",E
"Fluminense","PontePreta",V
"Santos","Cruzeiro",D
"SãoCaetano","SãoPaulo",D
"Flamengo","Coritiba",V
"Internacional","Paysandu",V
"Cruzeiro","Corinthians",V
"Goiás","Fluminense",D
"Juventude","Fortaleza",V
"PontePreta","Santos",V
"SãoPaulo","AtléticoMG",E
"Botafogo","SãoCaetano",V
"Coritiba","Figueirense",V
"Palmeiras","Flamengo",D
"Paraná","Internacional",V
"Paysandu","Brasiliense",V
"Vasco","AtléticoPR",V
"Fortaleza","Cruzeiro",V
"SãoPaulo","Juventude",V
"AtléticoMG","Goiás",D
"AtléticoPR","Palmeiras",V
"Brasiliense","Coritiba",E
"Corinthians","Santos",V
"Flamengo","Botafogo",V
"Fluminense","Figueirense",V
"Internacional","PontePreta",V
"Paraná","Paysandu",V
"SãoCaetano","Vasco",D
"Palmeiras","SãoPaulo",V
"Botafogo","Paraná",V
"Figueirense","Fortaleza",V
"Paysandu","AtléticoMG",D
"Juventude","SãoCaetano",V
"Santos","Internacional",D
"Vasco","Fluminense",V
"PontePreta","Flamengo",E
"Coritiba","Corinthians",D
"Cruzeiro","Brasiliense",V
"Goiás","AtléticoPR",V
"Figueirense","Vasco",V
"Goiás","SãoPaulo",V
"Santos","Paraná",E
"Palmeiras","Juventude",V
"Flamengo","Fortaleza",V
"SãoCaetano","Corinthians",V
"Internacional","Brasiliense",V
"Coritiba","PontePreta",V
"Paysandu","Botafogo",V
"Cruzeiro","AtléticoPR",D
"Fluminense","AtléticoMG",D
"Brasiliense","Santos",V
"Juventude","Goiás",V
"SãoPaulo","Figueirense",V
"AtléticoPR","SãoCaetano",E
"Vasco","Paysandu",V
"PontePreta","Palmeiras",D
"Corinthians","Internacional",E
"Fortaleza","Fluminense",V
"Paraná","Flamengo",D
"Botafogo","Cruzeiro",V
"AtléticoMG","Coritiba",V
"AtléticoMG","Vasco",E
"AtléticoPR","Paysandu",V
"Brasiliense","Figueirense",D
"Corinthians","PontePreta",V
"Flamengo","Goiás",E
"Fluminense","Juventude",D
"Fortaleza","SãoPaulo",V
"Internacional","Palmeiras",V
"Paraná","Cruzeiro",V
"Santos","Botafogo",V
"SãoCaetano","Coritiba",E
"SãoPaulo","AtléticoPR",V
"Juventude","AtléticoMG",D
"Figueirense","Santos",V
"PontePreta","Brasiliense",V
"Paysandu","Flamengo",D
"Vasco","Paraná",V
"Coritiba","Internacional",V
"Botafogo","Fortaleza",V
"Cruzeiro","SãoCaetano",D
"Palmeiras","Fluminense",V
"Juventude","Paraná",V
"Vasco","Internacional",E
"Palmeiras","PontePreta",D
"AtléticoPR","Fluminense",D
"Botafogo","Fortaleza",V
"Goiás","Santos",E
"Grêmio","Corinthians",V
"SantaCRuz","Figueirense",E
"SãoCaetano","Cruzeiro",V
"SãoPaulo","Flamengo",V
"Corinthians","SãoCaetano",V
"Figueirense","Palmeiras",V
"Fluminense","Goiás",V
"Cruzeiro","Grêmio",V
"Flamengo","Juventude",V
"Fortaleza","SãoPaulo",V
"Internacional","SantaCRuz",V
"Paraná","Botafogo",E
"PontePreta","Vasco",D
"Santos","AtléticoPR",V
"Botafogo","AtléticoPR",D
"Fortaleza","SãoCaetano",V
"SãoPaulo","SantaCRuz",V
"Figueirense","Cruzeiro",D
"Internacional","Flamengo",V
"Juventude","Goiás",E
"Palmeiras","Santos",D
"Paraná","Grêmio",V
"PontePreta","Corinthians",V
"Vasco","Fluminense",E
"Fluminense","Paraná",V
"SantaCRuz","PontePreta",E
"Santos","Fortaleza",V
"Goiás","Figueirense",V
"AtléticoPR","Internacional",D
"Corinthians","SãoPaulo",D
"Cruzeiro","Juventude",V
"Flamengo","Botafogo",V
"Grêmio","Vasco",D
"SãoCaetano","Palmeiras",V
"Botafogo","Grêmio",E
"Santos","PontePreta",V
"SãoCaetano","Juventude",D
"Figueirense","Fluminense",V
"Flamengo","Fortaleza",E
"Goiás","Vasco",V
"Internacional","SãoPaulo",V
"Palmeiras","Cruzeiro",E
"Paraná","Corinthians",D
"SantaCRuz","AtléticoPR",D
"AtléticoPR","Goiás",D
"Fortaleza","Paraná",E
"Internacional","Figueirense",D
"SãoPaulo","SãoCaetano",V
"Cruzeiro","Flamengo",V
"Fluminense","Santos",V
"Juventude","Botafogo",V
"Palmeiras","SantaCRuz",V
"PontePreta","Grêmio",E
"Vasco","Corinthians",D
"Cruzeiro","PontePreta",V
"Flamengo","Santos",E
"Fortaleza","Fluminense",D
"Juventude","SantaCRuz",V
"Paraná","Figueirense",E
"SãoCaetano","AtléticoPR",V
"SãoPaulo","Palmeiras",V
"Botafogo","Vasco",V
"Corinthians","Internacional",D
"Grêmio","Goiás",V
"AtléticoPR","Juventude",V
"Figueirense","Fortaleza",E
"PontePreta","Paraná",D
"Fluminense","Flamengo",V
"Goiás","SãoCaetano",V
"Internacional","Cruzeiro",E
"Palmeiras","Grêmio",D
"SantaCRuz","Botafogo",E
"Santos","Corinthians",V
"Vasco","SãoPaulo",E
"Cruzeiro","AtléticoPR",E
"Flamengo","Palmeiras",V
"Fortaleza","Vasco",E
"Grêmio","Santos",V
"Juventude","PontePreta",D
"SãoCaetano","Internacional",E
"SãoPaulo","Fluminense",V
"Cruzeiro","AtléticoPR",E
"Flamengo","Palmeiras",V
"Fortaleza","Vasco",E
"Grêmio","Santos",V
"Juventude","PontePreta",D
"SãoCaetano","Internacional",E
"SãoPaulo","Fluminense",V
"Botafogo","Figueirense",D
"Corinthians","Goiás",D
"Paraná","SantaCRuz",V
"Fluminense","Internacional",D
"Fortaleza","Cruzeiro",D
"Grêmio","SãoCaetano",E
"AtléticoPR","Palmeiras",V
"Corinthians","Flamengo",D
"Goiás","Paraná",D
"Juventude","SãoPaulo",E
"PontePreta","Figueirense",V
"Santos","Botafogo",E
"Vasco","SantaCRuz",V
"AtléticoPR","Fortaleza",E
"Cruzeiro","Corinthians",V
"Figueirense","Santos",V
"Fluminense","Juventude",V
"Internacional","PontePreta",V
"SãoCaetano","Botafogo",E
"SãoPaulo","Grêmio",V
"Flamengo","Paraná",D
"Palmeiras","Vasco",V
"SantaCRuz","Goiás",V
"Botafogo","PontePreta",V
"SãoPaulo","Figueirense",V
"Cruzeiro","Goiás",E
"Flamengo","Vasco",D
"Fortaleza","SantaCRuz",D
"Grêmio","Fluminense",E
"Juventude","Internacional",V
"Palmeiras","Corinthians",V
"Paraná","AtléticoPR",V
"SãoCaetano","Santos",V
"Corinthians","Fortaleza",E
"Figueirense","Grêmio",V
"Fluminense","SãoCaetano",E
"Paraná","Cruzeiro",V
"Goiás","Palmeiras",D
"Internacional","Botafogo",E
"PontePreta","SãoPaulo",D
"SantaCRuz","Flamengo",V
"Santos","Juventude",V
"Vasco","AtléticoPR",V
"Juventude","Figueirense",V
"Palmeiras","Paraná",V
"SãoCaetano","PontePreta",E
"AtléticoPR","Flamengo",V
"Fluminense","Botafogo",E
"Goiás","Fortaleza",E
"Internacional","Grêmio",E
"SantaCRuz","Corinthians",V
"SãoPaulo","Santos",D
"Vasco","Cruzeiro",V
"Corinthians","AtléticoPR",V
"Figueirense","SãoCaetano",E
"Flamengo","Goiás",V
"Grêmio","Juventude",V
"Botafogo","SãoPaulo",E
"Cruzeiro","SantaCRuz",E
"Fortaleza","Palmeiras",E
"Paraná","Vasco",V
"PontePreta","Fluminense",V
"Santos","Internacional",V
"Corinthians","Figueirense",D
"Flamengo","PontePreta",E
"Juventude","Vasco",E
"SãoCaetano","SantaCRuz",V
"Botafogo","Palmeiras",D
"Cruzeiro","Fluminense",D
"Fortaleza","Internacional",D
"Grêmio","AtléticoPR",V
"Paraná","Santos",E
"SãoPaulo","Goiás",V
"Figueirense","Flamengo",E
"Fluminense","Corinthians",D
"Goiás","Botafogo",E
"PontePreta","Fortaleza",D
"SantaCRuz","Grêmio",D
"Vasco","SãoCaetano",D
"Santos","Cruzeiro",V
"Palmeiras","Juventude",E
"Flamengo","Grêmio",V
"PontePreta","Goiás",V
"Corinthians","Botafogo",V
"Cruzeiro","SãoPaulo",E
"Figueirense","AtléticoPR",E
"Fluminense","SantaCRuz",E
"Fortaleza","Juventude",V
"Internacional","Palmeiras",E
"Paraná","SãoCaetano",V
"Santos","Vasco",D
"Botafogo","Cruzeiro",V
"Goiás","Internacional",E
"Juventude","Corinthians",E
"Palmeiras","Fluminense",V
"SantaCRuz","Santos",E
"SãoCaetano","Flamengo",E
"AtléticoPR","PontePreta",V
"Grêmio","Fortaleza",V
"SãoPaulo","Paraná",V
"Vasco","Figueirense",V
"Cruzeiro","SãoCaetano",V
"Fluminense","AtléticoPR",D
"Santos","Goiás",V
"Corinthians","Grêmio",D
"Figueirense","SantaCRuz",V
"Flamengo","SãoPaulo",E
"Fortaleza","Botafogo",D
"Internacional","Vasco",D
"Paraná","Juventude",D
"PontePreta","Palmeiras",E
"AtléticoPR","Santos",V
"Goiás","Fluminense",V
"Grêmio","Cruzeiro",V
"Juventude","Flamengo",V
"Palmeiras","Figueirense",E
"SantaCRuz","Internacional",D
"SãoCaetano","Corinthians",D
"Botafogo","Paraná",V
"SãoPaulo","Fortaleza",E
"Vasco","PontePreta",E
"Cruzeiro","Figueirense",E
"Flamengo","Internacional",D
"AtléticoPR","Botafogo",D
"Corinthians","PontePreta",V
"Fluminense","Vasco",E
"Goiás","Juventude",V
"Grêmio","Paraná",V
"SantaCRuz","SãoPaulo",D
"Santos","Palmeiras",V
"SãoCaetano","Fortaleza",E
"Palmeiras","SãoCaetano",V
"PontePreta","SantaCRuz",V
"Vasco","Grêmio",E
"Botafogo","Flamengo",D
"Figueirense","Goiás",E
"Fortaleza","Santos",E
"Internacional","AtléticoPR",V
"Juventude","Cruzeiro",V
"Paraná","Fluminense",V
"SãoPaulo","Corinthians",E
"AtléticoPR","SantaCRuz",V
"Corinthians","Paraná",V
"Vasco","Goiás",E
"Cruzeiro","Palmeiras",V
"Fluminense","Figueirense",V
"Fortaleza","Flamengo",D
"Grêmio","Botafogo",V
"Juventude","SãoCaetano",V
"PontePreta","Santos",V
"SãoPaulo","Internacional",V
"Botafogo","Juventude",V
"Corinthians","Vasco",E
"Figueirense","Internacional",V
"Goiás","AtléticoPR",E
"Grêmio","PontePreta",V
"Paraná","Fortaleza",V
"Santos","Fluminense",E
"SãoCaetano","SãoPaulo",D
"Flamengo","Cruzeiro",V
"SantaCRuz","Palmeiras",V
"AtléticoPR","SãoCaetano",V
"Fluminense","Fortaleza",D
"Figueirense","Paraná",D
"Goiás","Grêmio",V
"Internacional","Corinthians",E
"Palmeiras","SãoPaulo",V
"PontePreta","Cruzeiro",D
"SantaCRuz","Juventude",V
"Santos","Flamengo",V
"Vasco","Botafogo",E
"AtléticoPR","SãoPaulo",E
"Internacional","Paraná",V
"Flamengo","Fluminense",V
"Fortaleza","Figueirense",E
"Grêmio","Palmeiras",V
"Juventude","AtléticoPR",V
"Paraná","PontePreta",V
"SãoCaetano","Goiás",D
"SãoPaulo","Vasco",V
"Botafogo","SantaCRuz",V
"Corinthians","Santos",D
"Cruzeiro","Internacional",V
"PontePreta","Juventude",V
"Vasco","Fortaleza",V
"Fluminense","SãoPaulo",D
"AtléticoPR","Cruzeiro",E
"Figueirense","Botafogo",V
"Goiás","Corinthians",V
"Internacional","SãoCaetano",V
"Palmeiras","Flamengo",V
"SantaCRuz","Paraná",D
"Santos","Grêmio",V
"Cruzeiro","Fortaleza",E
"Botafogo","Santos",V
"SãoCaetano","Grêmio",D
"SãoPaulo","Juventude",V
"Figueirense","PontePreta",V
"Flamengo","Corinthians",V
"Internacional","Fluminense",V
"Palmeiras","AtléticoPR",E
"Paraná","Goiás",V
"SantaCRuz","Vasco",D
"Vasco","Palmeiras",V
"Goiás","SantaCRuz",V
"PontePreta","Internacional",D
"Santos","Figueirense",V
"Botafogo","SãoCaetano",V
"Corinthians","Cruzeiro",V
"Fortaleza","AtléticoPR",D
"Grêmio","SãoPaulo",E
"Juventude","Fluminense",E
"Paraná","Flamengo",D
"Corinthians","Palmeiras",V
"Fluminense","Grêmio",D
"SantaCRuz","Fortaleza",D
"Internacional","Juventude",V
"Vasco","Flamengo",V
"AtléticoPR","Paraná",V
"Figueirense","SãoPaulo",D
"Goiás","Cruzeiro",D
"PontePreta","Botafogo",D
"Santos","SãoCaetano",V
"AtléticoPR","Vasco",V
"Flamengo","SantaCRuz",E
"Fortaleza","Corinthians",D
"Grêmio","Figueirense",D
"Juventude","Santos",V
"Palmeiras","Goiás",D
"SãoCaetano","Fluminense",E
"Botafogo","Internacional",D
"Cruzeiro","Paraná",E
"SãoPaulo","PontePreta",E
"Figueirense","Juventude",V
"Flamengo","AtléticoPR",V
"Botafogo","Fluminense",V
"Corinthians","SantaCRuz",V
"Cruzeiro","Vasco",V
"Fortaleza","Goiás",D
"Grêmio","Internacional",D
"Paraná","Palmeiras",V
"PontePreta","SãoCaetano",D
"Santos","SãoPaulo",D
"AtléticoPR","Corinthians",D
"Goiás","Flamengo",D
"Internacional","Santos",E
"Juventude","Grêmio",D
"Palmeiras","Fortaleza",V
"SãoCaetano","Figueirense",V
"Vasco","Paraná",V
"Fluminense","PontePreta",E
"SantaCRuz","Cruzeiro",V
"SãoPaulo","Botafogo",V
"Internacional","Fortaleza",V
"Santos","Paraná",V
"Vasco","Juventude",E
"AtléticoPR","Grêmio",D
"Figueirense","Corinthians",E
"Fluminense","Cruzeiro",V
"Goiás","SãoPaulo",D
"Palmeiras","Botafogo",V
"PontePreta","Flamengo",V
"SantaCRuz","SãoCaetano",D
"Corinthians","Fluminense",E
"Flamengo","Figueirense",D
"Grêmio","SantaCRuz",V
"Botafogo","Goiás",E
"Cruzeiro","Santos",E
"Fortaleza","PontePreta",V
"Juventude","Palmeiras",V
"Paraná","Internacional",V
"SãoCaetano","Vasco",D
"SãoPaulo","AtléticoPR",E
"AtléticoPR","Figueirense",D
"Botafogo","Corinthians",E
"Goiás","PontePreta",V
"Grêmio","Flamengo",V
"Juventude","Fortaleza",E
"Palmeiras","Internacional",D
"SantaCRuz","Fluminense",D
"SãoCaetano","Paraná",D
"SãoPaulo","Cruzeiro",V
"Vasco","Santos",E
"Internacional","Goiás",D
"Flamengo","SãoCaetano",V
"Fluminense","Palmeiras",E
"Figueirense","Vasco",E
"Santos","SantaCRuz",V
"PontePreta","AtléticoPR",E
"Paraná","SãoPaulo",E
"Cruzeiro","Botafogo",V
"Fortaleza","Grêmio",V
"Figueirense","AtléticoPR",D
"Fluminense","Cruzeiro",E
"SãoPaulo","Goiás",V
"AtléticoMG","Náutico",V
"Internacional","Botafogo",D
"Flamengo","Palmeiras",D
"Paraná","Grêmio",V
"AméricaRN","Vasco",D
"Corinthians","Juventude",V
"Sport","Santos",V
"Juventude","Paraná",D
"AtléticoPR","Internacional",V
"Santos","AméricaRN",D
"Goiás","Flamengo",D
"Botafogo","AtléticoMG",V
"Cruzeiro","Corinthians",D
"Palmeiras","Figueirense",V
"Vasco","Sport",V
"Náutico","SãoPaulo",V
"Grêmio","Fluminense",V
"AméricaRN","Figueirense",D
"Corinthians","AtléticoMG",E
"Fluminense","Internacional",V
"AtléticoPR","Santos",D
"Náutico","Vasco",E
"Grêmio","Sport",V
"SãoPaulo","Palmeiras",E
"Flamengo","Botafogo",E
"Cruzeiro","Paraná",D
"Goiás","Juventude",V
"Figueirense","Goiás",V
"Botafogo","Grêmio",V
"AtléticoMG","AtléticoPR",E
"Palmeiras","Cruzeiro",D
"Sport","Flamengo",E
"Santos","Corinthians",E
"Juventude","AméricaRN",V
"Vasco","Fluminense",E
"Paraná","SãoPaulo",D
"Internacional","Náutico",V
"Náutico","Paraná",E
"Palmeiras","Botafogo",E
"Vasco","Grêmio",V
"AméricaRN","Corinthians",D
"Fluminense","Sport",V
"Figueirense","Flamengo",V
"AtléticoPR","Goiás",D
"Cruzeiro","Juventude",D
"SãoPaulo","AtléticoMG",D
"Internacional","Santos",V
"Botafogo","Vasco",V
"Grêmio","Cruzeiro",D
"Corinthians","Paraná",E
"Flamengo","Internacional",E
"Goiás","Palmeiras",V
"AtléticoMG","Figueirense",V
"SãoPaulo","Vasco",V
"AtléticoPR","Fluminense",E
"Sport","AméricaRN",E
"Botafogo","Náutico",V
"Juventude","Santos",D
"Juventude","Figueirense",E
"Paraná","Sport",V
"Náutico","Goiás",D
"Palmeiras","AtléticoPR",D
"AméricaRN","Fluminense",D
"Santos","SãoPaulo",D
"Cruzeiro","AtléticoMG",V
"Internacional","Grêmio",D
"Sport","Náutico",V
"Figueirense","SãoPaulo",E
"AméricaRN","Goiás",D
"Cruzeiro","Vasco",V
"Santos","Grêmio",E
"Fluminense","Botafogo",D
"Paraná","AtléticoPR",E
"Internacional","AtléticoMG",E
"Corinthians","Palmeiras",D
"Figueirense","Cruzeiro",V
"Palmeiras","AméricaRN",V
"AtléticoPR","Náutico",E
"Grêmio","Juventude",V
"Fluminense","Paraná",E
"SãoPaulo","Internacional",V
"Goiás","Botafogo",E
"Sport","Corinthians",V
"AtléticoMG","Flamengo",E
"Vasco","Santos",V
"Paraná","AméricaRN",D
"Botafogo","AtléticoPR",V
"Corinthians","Fluminense",E
"Santos","Cruzeiro",V
"SãoPaulo","Flamengo",E
"AtléticoMG","Grêmio",D
"Goiás","Sport",V
"Internacional","Figueirense",V
"Náutico","Palmeiras",D
"Juventude","Vasco",V
"Paraná","Figueirense",D
"Juventude","Náutico",E
"Vasco","AtléticoPR",V
"Sport","AtléticoMG",V
"Santos","Botafogo",V
"Grêmio","Palmeiras",E
"AméricaRN","Internacional",D
"Cruzeiro","Goiás",V
"Corinthians","SãoPaulo",E
"Figueirense","Sport",D
"AtléticoPR","Juventude",V
"AtléticoMG","AméricaRN",V
"Náutico","Cruzeiro",D
"SãoPaulo","Fluminense",D
"Internacional","Corinthians",V
"Palmeiras","Santos",E
"Goiás","Grêmio",E
"Flamengo","Paraná",D
"AméricaRN","AtléticoPR",V
"Juventude","Internacional",V
"Vasco","AtléticoMG",V
"Corinthians","Náutico",D
"Cruzeiro","SãoPaulo",D
"Grêmio","Flamengo",V
"Fluminense","Goiás",V
"Santos","Figueirense",V
"Paraná","Palmeiras",V
"Sport","Botafogo",E
"AtléticoPR","Cruzeiro",E
"Goiás","Santos",V
"Náutico","Grêmio",D
"Flamengo","AméricaRN",V
"Palmeiras","Vasco",V
"Figueirense","Corinthians",E
"Internacional","Paraná",V
"Botafogo","Juventude",V
"AtléticoMG","Fluminense",V
"SãoPaulo","Sport",V
"Santos","Náutico",D
"Grêmio","AtléticoPR",E
"Vasco","Goiás",V
"Corinthians","Flamengo",E
"Sport","Internacional",D
"Juventude","Palmeiras",E
"Paraná","AtléticoMG",D
"Fluminense","Figueirense",E
"AméricaRN","SãoPaulo",D
"Cruzeiro","Botafogo",V
"Goiás","Paraná",V
"Náutico","Fluminense",E
"Palmeiras","Sport",D
"Botafogo","AméricaRN",V
"AtléticoPR","Corinthians",E
"AtléticoMG","Santos",D
"Internacional","Vasco",D
"Figueirense","Grêmio",V
"SãoPaulo","Juventude",V
"Corinthians","Goiás",V
"AméricaRN","Náutico",D
"Sport","AtléticoPR",V
"Fluminense","Palmeiras",D
"Cruzeiro","Internacional",V
"Santos","Flamengo",V
"Juventude","AtléticoMG",D
"Vasco","Figueirense",E
"Paraná","Botafogo",E
"Grêmio","SãoPaulo",D
"Cruzeiro","Sport",V
"Juventude","Fluminense",E
"Botafogo","SãoPaulo",D
"Náutico","Figueirense",V
"AtléticoPR","Flamengo",V
"Goiás","AtléticoMG",V
"Vasco","Corinthians",V
"Grêmio","AméricaRN",V
"Palmeiras","Internacional",E
"Santos","Paraná",V
"Sport","Juventude",V
"SãoPaulo","AtléticoPR",V
"Flamengo","Náutico",V
"Corinthians","Grêmio",V
"AtléticoMG","Palmeiras",D
"Figueirense","Botafogo",E
"Internacional","Goiás",V
"AméricaRN","Cruzeiro",D
"Paraná","Vasco",E
"Fluminense","Santos",V
"Botafogo","Corinthians",D
"Fluminense","Flamengo",D
"AtléticoPR","Figueirense",E
"Santos","Sport",V
"Grêmio","Paraná",V
"Palmeiras","Flamengo",V
"Goiás","SãoPaulo",E
"Botafogo","Internacional",E
"Náutico","AtléticoMG",D
"Cruzeiro","Fluminense",V
"Juventude","Corinthians",E
"Vasco","AméricaRN",V
"Flamengo","Juventude",V
"Corinthians","Cruzeiro",D
"Fluminense","Grêmio",E
"Internacional","AtléticoPR",V
"Paraná","Juventude",V
"AméricaRN","Santos",D
"Sport","Vasco",E
"AtléticoMG","Botafogo",D
"SãoPaulo","Náutico",V
"Figueirense","Palmeiras",D
"Flamengo","Goiás",V
"Palmeiras","SãoPaulo",D
"Paraná","Cruzeiro",E
"Juventude","Goiás",V
"Botafogo","Flamengo",E
"Sport","Grêmio",V
"AtléticoMG","Corinthians",V
"Figueirense","AméricaRN",V
"Internacional","Fluminense",D
"Santos","AtléticoPR",V
"Vasco","Náutico",V
"SãoPaulo","Paraná",V
"AméricaRN","Juventude",D
"Flamengo","Sport",E
"Corinthians","Santos",V
"AtléticoPR","AtléticoMG",V
"Goiás","Figueirense",V
"Fluminense","Vasco",E
"Náutico","Internacional",E
"Cruzeiro","Palmeiras",V
"Grêmio","Botafogo",V
"Corinthians","AméricaRN",V
"Goiás","AtléticoPR",D
"AtléticoMG","SãoPaulo",E
"Santos","Internacional",V
"Juventude","Cruzeiro",V
"Grêmio","Vasco",V
"Flamengo","Figueirense",V
"Paraná","Náutico",D
"Botafogo","Palmeiras",E
"Sport","Fluminense",D
"Cruzeiro","Grêmio",V
"Santos","Juventude",V
"Figueirense","AtléticoMG",V
"Internacional","Flamengo",V
"Vasco","SãoPaulo",D
"Palmeiras","Goiás",V
"Paraná","Corinthians",V
"AméricaRN","Sport",E
"Fluminense","AtléticoPR",V
"Náutico","Botafogo",V
"Flamengo","Cruzeiro",V
"Goiás","Náutico",D
"Fluminense","AméricaRN",V
"SãoPaulo","Santos",V
"Corinthians","Botafogo",D
"AtléticoPR","Palmeiras",V
"Sport","Paraná",V
"AtléticoMG","Cruzeiro",D
"Figueirense","Juventude",V
"Grêmio","Internacional",V
"Flamengo","Vasco",E
"Goiás","AméricaRN",E
"SãoPaulo","Figueirense",V
"Grêmio","Santos",V
"Palmeiras","Corinthians",V
"AtléticoPR","Paraná",V
"Botafogo","Fluminense",D
"Náutico","Sport",V
"AtléticoMG","Internacional",E
"Juventude","Flamengo",E
"Vasco","Cruzeiro",D
"Corinthians","Sport",D
"Náutico","AtléticoPR",V
"Flamengo","AtléticoMG",V
"Paraná","Fluminense",V
"AméricaRN","Palmeiras",E
"Botafogo","Goiás",D
"Cruzeiro","Figueirense",D
"Santos","Vasco",V
"Juventude","Grêmio",D
"Internacional","SãoPaulo",D
"Palmeiras","Náutico",V
"AtléticoPR","Botafogo",V
"Fluminense","Corinthians",E
"Sport","Goiás",V
"Cruzeiro","Santos",D
"Grêmio","AtléticoMG",E
"Vasco","Juventude",D
"AméricaRN","Paraná",V
"Flamengo","SãoPaulo",V
"Figueirense","Internacional",E
"Palmeiras","Grêmio",V
"Botafogo","Santos",D
"Náutico","Juventude",V
"AtléticoPR","Vasco",V
"Goiás","Cruzeiro",E
"AtléticoMG","Sport",V
"SãoPaulo","Corinthians",D
"Figueirense","Paraná",V
"Internacional","AméricaRN",V
"Flamengo","Fluminense",D
"Sport","Figueirense",E
"Cruzeiro","Náutico",E
"Juventude","AtléticoPR",E
"Corinthians","Internacional",E
"Paraná","Flamengo",D
"AméricaRN","AtléticoMG",D
"Fluminense","SãoPaulo",E
"Santos","Palmeiras",E
"Grêmio","Goiás",V
"Vasco","Botafogo",V
"Vasco","Flamengo",D
"Palmeiras","Paraná",V
"Goiás","Fluminense",V
"Botafogo","Sport",V
"AtléticoPR","AméricaRN",V
"Náutico","Corinthians",V
"AtléticoMG","Vasco",V
"SãoPaulo","Cruzeiro",V
"Figueirense","Santos",V
"Internacional","Juventude",V
"Flamengo","Grêmio",V
"Fluminense","AtléticoMG",E
"Cruzeiro","AtléticoPR",E
"Santos","Goiás",V
"Corinthians","Figueirense",V
"Paraná","Internacional",V
"AméricaRN","Flamengo",D
"Sport","SãoPaulo",D
"Juventude","Botafogo",E
"Grêmio","Náutico",V
"Vasco","Palmeiras",E
"AtléticoPR","Grêmio",V
"Goiás","Vasco",D
"Náutico","Santos",D
"AtléticoMG","Paraná",E
"SãoPaulo","AméricaRN",V
"Figueirense","Fluminense",D
"Flamengo","Corinthians",V
"Palmeiras","Juventude",D
"Botafogo","Cruzeiro",V
"Internacional","Sport",E
"Paraná","Goiás",V
"Fluminense","Náutico",V
"Grêmio","Figueirense",D
"Corinthians","AtléticoPR",E
"AméricaRN","Botafogo",E
"Sport","Palmeiras",V
"Cruzeiro","Flamengo",V
"Santos","AtléticoMG",E
"Vasco","Internacional",D
"Juventude","SãoPaulo",V
"Botafogo","Paraná",V
"Náutico","AméricaRN",V
"Internacional","Cruzeiro",V
"AtléticoPR","Sport",E
"Goiás","Corinthians",E
"AtléticoMG","Juventude",V
"SãoPaulo","Grêmio",V
"Figueirense","Vasco",E
"Flamengo","Santos",V
"Palmeiras","Fluminense",V
"AméricaRN","Grêmio",D
"Fluminense","Juventude",V
"Paraná","Santos",D
"Sport","Cruzeiro",V
"SãoPaulo","Botafogo",E
"Internacional","Palmeiras",V
"Flamengo","AtléticoPR",V
"Corinthians","Vasco",D
"AtléticoMG","Goiás",V
"Figueirense","Náutico",V
"Palmeiras","AtléticoMG",D
"AtléticoPR","SãoPaulo",V
"Goiás","Internacional",V
"Botafogo","Figueirense",E
"Náutico","Flamengo",V
"Cruzeiro","AméricaRN",V
"Santos","Fluminense",D
"Juventude","Sport",V
"Grêmio","Corinthians",E
