data,time1,time2,result
10/08/2002,"Vasco","Figueirense",V
10/08/2002,"SãoPaulo","Paysandu",V
10/08/2002,"Paraná","SãoCaetano",V
10/08/2002,"Santos","BotafogoRJ",V
10/08/2002,"Goiás","Portuguesa",V
11/08/2002,"Fluminense","Cruzeiro",V
11/08/2002,"Palmeiras","Grêmio",E
11/08/2002,"AtléticoMG","Corinthians",D
11/08/2002,"Internacional","Flamengo",D
11/08/2002,"Guarani","AtléticoPR",V
11/08/2002,"Coritiba","Vitória",V
11/08/2002,"Bahia","Gama",V
11/08/2002,"Juventude","PontePreta",V
14/08/2002,"AtléticoPR","Bahia",V
14/08/2002,"BotafogoRJ","AtléticoMG",E
14/08/2002,"Corinthians","Internacional",V
14/08/2002,"Cruzeiro","Palmeiras",E
14/08/2002,"Figueirense","Guarani",E
14/08/2002,"Grêmio","Vasco",V
14/08/2002,"PontePreta","Coritiba",V
14/08/2002,"SãoCaetano","Fluminense",V
14/08/2002,"Vitória","Goiás",V
15/08/2002,"Flamengo","Juventude",E
15/08/2002,"Gama","SãoPaulo",D
15/08/2002,"Portuguesa","Paraná",V
17/08/2002,"AtléticoPR","Vasco",V
17/08/2002,"Fluminense","Grêmio",V
17/08/2002,"Internacional","PontePreta",V
18/08/2002,"Bahia","Coritiba",D
18/08/2002,"Cruzeiro","BotafogoRJ",E
18/08/2002,"Flamengo","Goiás",E
18/08/2002,"Gama","Vitória",V
18/08/2002,"Guarani","AtléticoMG",D
18/08/2002,"Juventude","Santos",V
18/08/2002,"Paraná","SãoPaulo",D
18/08/2002,"Portuguesa","Figueirense",E
18/08/2002,"SãoCaetano","Corinthians",V
21/08/2002,"AtléticoMG","Fluminense",E
21/08/2002,"BotafogoRJ","Internacional",E
21/08/2002,"Coritiba","Flamengo",V
21/08/2002,"Goiás","Bahia",E
21/08/2002,"Paysandu","Portuguesa",D
21/08/2002,"Santos","Figueirense",V
21/08/2002,"SãoPaulo","Juventude",D
21/08/2002,"Vitória","AtléticoPR",E
22/08/2002,"Grêmio","Guarani",D
22/08/2002,"Palmeiras","SãoCaetano",V
22/08/2002,"PontePreta","Cruzeiro",V
22/08/2002,"Vasco","Gama",D
24/08/2002,"Figueirense","BotafogoRJ",D
24/08/2002,"Flamengo","Paysandu",D
24/08/2002,"Internacional","SãoPaulo",E
25/08/2002,"Coritiba","Corinthians",D
25/08/2002,"Cruzeiro","Bahia",V
25/08/2002,"Fluminense","Santos",E
25/08/2002,"Goiás","Vasco",D
25/08/2002,"Palmeiras","AtléticoMG",D
25/08/2002,"PontePreta","Grêmio",E
25/08/2002,"Portuguesa","Gama",V
25/08/2002,"Vitória","Juventude",V
28/08/2002,"AtléticoPR","Palmeiras",V
28/08/2002,"Bahia","Figueirense",D
28/08/2002,"Corinthians","Cruzeiro",E
28/08/2002,"Gama","Flamengo",V
28/08/2002,"Guarani","Internacional",E
28/08/2002,"Juventude","Fluminense",V
28/08/2002,"Santos","Paraná",V
29/08/2002,"AtléticoMG","Vitória",V
29/08/2002,"Grêmio","Portuguesa",E
29/08/2002,"SãoPaulo","Goiás",V
31/08/2002,"BotafogoRJ","Gama",V
31/08/2002,"Corinthians","AtléticoPR",D
31/08/2002,"Coritiba","Fluminense",V
31/08/2002,"Internacional","Santos",V
01/09/2002,"AtléticoMG","Portuguesa",E
01/09/2002,"Flamengo","Cruzeiro",E
01/09/2002,"Goiás","Guarani",D
01/09/2002,"Juventude","Vasco",V
01/09/2002,"Paraná","Palmeiras",V
01/09/2002,"PontePreta","SãoCaetano",D
01/09/2002,"SãoPaulo","Grêmio",V
01/09/2002,"Vitória","Paysandu",V
04/09/2002,"AtléticoPR","BotafogoRJ",V
04/09/2002,"Bahia","Paraná",V
04/09/2002,"Cruzeiro","SãoPaulo",V
04/09/2002,"Flamengo","Fluminense",V
04/09/2002,"Gama","PontePreta",E
04/09/2002,"Palmeiras","Coritiba",E
04/09/2002,"Paysandu","Corinthians",D
04/09/2002,"SãoCaetano","Guarani",V
04/09/2002,"Vasco","AtléticoMG",D
05/09/2002,"Portuguesa","Internacional",D
05/09/2002,"Santos","Vitória",V
07/09/2002,"AtléticoMG","PontePreta",V
07/09/2002,"Goiás","BotafogoRJ",E
07/09/2002,"Palmeiras","Gama",E
07/09/2002,"SãoCaetano","SãoPaulo",V
07/09/2002,"Vasco","Coritiba",V
08/09/2002,"Fluminense","Figueirense",V
08/09/2002,"Grêmio","Corinthians",V
08/09/2002,"Guarani","Paysandu",V
08/09/2002,"Juventude","Bahia",V
08/09/2002,"Paraná","Flamengo",V
08/09/2002,"Santos","AtléticoPR",E
08/09/2002,"Vitória","Internacional",E
11/09/2002,"Bahia","Grêmio",E
11/09/2002,"Coritiba","Santos",V
11/09/2002,"Figueirense","Vitória",D
11/09/2002,"Flamengo","AtléticoPR",V
11/09/2002,"Internacional","Palmeiras",V
11/09/2002,"Paysandu","Vasco",V
11/09/2002,"PontePreta","Paraná",V
11/09/2002,"Portuguesa","SãoCaetano",V
12/09/2002,"BotafogoRJ","Juventude",D
12/09/2002,"Corinthians","Goiás",V
12/09/2002,"Cruzeiro","Guarani",D
12/09/2002,"Gama","Fluminense",D
14/09/2002,"Internacional","Figueirense",D
14/09/2002,"Palmeiras","Bahia",D
14/09/2002,"Paraná","AtléticoPR",E
14/09/2002,"Santos","Grêmio",V
15/09/2002,"BotafogoRJ","Vasco",E
15/09/2002,"Coritiba","Goiás",V
15/09/2002,"Cruzeiro","Paysandu",V
15/09/2002,"Guarani","Corinthians",E
15/09/2002,"Juventude","AtléticoMG",V
15/09/2002,"SãoCaetano","Gama",V
15/09/2002,"SãoPaulo","Fluminense",V
15/09/2002,"Vitória","Portuguesa",V
18/09/2002,"AtléticoPR","Gama",D
18/09/2002,"Bahia","SãoPaulo",V
18/09/2002,"Figueirense","Cruzeiro",V
18/09/2002,"Goiás","SãoCaetano",V
18/09/2002,"Paysandu","Coritiba",E
18/09/2002,"PontePreta","Palmeiras",V
18/09/2002,"Portuguesa","BotafogoRJ",V
18/09/2002,"Vasco","Santos",D
19/09/2002,"AtléticoMG","Paraná",V
19/09/2002,"Corinthians","Vitória",V
19/09/2002,"Grêmio","Juventude",V
21/09/2002,"BotafogoRJ","Coritiba",D
21/09/2002,"Figueirense","Palmeiras",V
21/09/2002,"Portuguesa","Cruzeiro",D
21/09/2002,"Santos","Goiás",E
22/09/2002,"AtléticoMG","Flamengo",D
22/09/2002,"AtléticoPR","SãoPaulo",E
22/09/2002,"Corinthians","Paraná",V
22/09/2002,"Grêmio","Vitória",V
22/09/2002,"Guarani","Juventude",E
22/09/2002,"Paysandu","PontePreta",V
22/09/2002,"SãoCaetano","Bahia",V
22/09/2002,"Vasco","Internacional",E
25/09/2002,"Cruzeiro","Vasco",V
25/09/2002,"Fluminense","AtléticoPR",D
25/09/2002,"Internacional","Bahia",V
25/09/2002,"Juventude","Corinthians",D
25/09/2002,"Paraná","Guarani",D
25/09/2002,"PontePreta","Figueirense",V
25/09/2002,"SãoPaulo","AtléticoMG",D
25/09/2002,"Vitória","SãoCaetano",E
26/09/2002,"Coritiba","Portuguesa",V
26/09/2002,"Flamengo","Grêmio",D
26/09/2002,"Gama","Santos",E
26/09/2002,"Palmeiras","Paysandu",V
28/09/2002,"AtléticoPR","SãoCaetano",D
28/09/2002,"Bahia","BotafogoRJ",D
28/09/2002,"Cruzeiro","Juventude",V
28/09/2002,"Fluminense","Guarani",V
28/09/2002,"Internacional","Paraná",D
29/09/2002,"Figueirense","Gama",V
29/09/2002,"Goiás","Grêmio",V
29/09/2002,"Paysandu","AtléticoMG",V
29/09/2002,"PontePreta","Flamengo",V
29/09/2002,"Santos","Palmeiras",E
29/09/2002,"SãoPaulo","Corinthians",E
29/09/2002,"Vasco","Portuguesa",V
02/10/2002,"Flamengo","Bahia",E
02/10/2002,"Gama","Internacional",E
02/10/2002,"Grêmio","Paysandu",V
02/10/2002,"Juventude","Goiás",V
02/10/2002,"Palmeiras","SãoPaulo",E
02/10/2002,"BotafogoRJ","PontePreta",V
02/10/2002,"SãoCaetano","Coritiba",V
02/10/2002,"Vitória","Fluminense",V
03/10/2002,"AtléticoMG","Figueirense",D
03/10/2002,"Corinthians","Santos",D
03/10/2002,"Paraná","Cruzeiro",E
05/10/2002,"BotafogoRJ","SãoCaetano",E
05/10/2002,"Flamengo","SãoPaulo",D
05/10/2002,"Gama","Paysandu",V
05/10/2002,"Goiás","AtléticoPR",E
05/10/2002,"Guarani","Vasco",D
05/10/2002,"Palmeiras","Portuguesa",V
08/10/2002,"Fluminense","Paraná",V
08/10/2002,"Guarani","Gama",V
08/10/2002,"SãoPaulo","Coritiba",V
09/10/2002,"Grêmio","BotafogoRJ",E
09/10/2002,"AtléticoPR","PontePreta",D
09/10/2002,"Corinthians","Figueirense",E
09/10/2002,"Flamengo","SãoCaetano",V
09/10/2002,"Goiás","Palmeiras",V
09/10/2002,"Juventude","Portuguesa",E
09/10/2002,"Paysandu","Bahia",V
09/10/2002,"Santos","AtléticoMG",V
09/10/2002,"Vitória","Cruzeiro",V
12/10/2002,"Figueirense","SãoPaulo",D
12/10/2002,"Palmeiras","Juventude",E
12/10/2002,"Paraná","Vitória",V
12/10/2002,"SãoCaetano","Vasco",V
13/10/2002,"Bahia","AtléticoMG",V
13/10/2002,"BotafogoRJ","Paysandu",V
13/10/2002,"Coritiba","Guarani",D
13/10/2002,"Cruzeiro","Santos",D
13/10/2002,"Gama","Corinthians",D
13/10/2002,"Internacional","Fluminense",E
13/10/2002,"PontePreta","Goiás",V
13/10/2002,"Portuguesa","AtléticoPR",E
16/10/2002,"Bahia","PontePreta",V
16/10/2002,"Coritiba","Grêmio",E
16/10/2002,"Figueirense","AtléticoPR",V
16/10/2002,"Gama","Juventude",V
16/10/2002,"Internacional","Goiás",D
16/10/2002,"Paysandu","Paraná",V
16/10/2002,"SãoPaulo","Santos",V
16/10/2002,"Vasco","Flamengo",V
17/10/2002,"AtléticoMG","SãoCaetano",V
17/10/2002,"BotafogoRJ","Vitória",D
17/10/2002,"Palmeiras","Guarani",V
19/10/2002,"Grêmio","Gama",V
19/10/2002,"Santos","Portuguesa",D
19/10/2002,"Vasco","Paraná",V
20/10/2002,"AtléticoPR","Internacional",D
20/10/2002,"Corinthians","PontePreta",V
20/10/2002,"Cruzeiro","AtléticoMG",D
20/10/2002,"Fluminense","Bahia",V
20/10/2002,"Goiás","Figueirense",V
20/10/2002,"Guarani","SãoPaulo",D
20/10/2002,"Juventude","Coritiba",V
20/10/2002,"SãoCaetano","Paysandu",V
20/10/2002,"Vitória","Flamengo",D
23/10/2002,"Bahia","Vasco",V
23/10/2002,"Corinthians","Palmeiras",E
23/10/2002,"Figueirense","Flamengo",V
23/10/2002,"Fluminense","Goiás",E
23/10/2002,"Paraná","Gama",V
23/10/2002,"Paysandu","Santos",V
23/10/2002,"PontePreta","Vitória",E
23/10/2002,"Portuguesa","Guarani",V
23/10/2002,"SãoCaetano","Cruzeiro",E
26/10/2002,"AtléticoPR","Coritiba",V
26/10/2002,"BotafogoRJ","Fluminense",D
26/10/2002,"Gama","Goiás",D
26/10/2002,"Internacional","Grêmio",D
26/10/2002,"Juventude","Figueirense",V
26/10/2002,"Portuguesa","SãoPaulo",D
26/10/2002,"Santos","Flamengo",V
28/10/2002,"Guarani","PontePreta",D
30/10/2002,"AtléticoMG","Internacional",V
30/10/2002,"Bahia","Santos",E
30/10/2002,"Coritiba","Cruzeiro",V
30/10/2002,"Figueirense","SãoCaetano",D
30/10/2002,"Flamengo","Corinthians",D
30/10/2002,"Grêmio","AtléticoPR",V
30/10/2002,"Palmeiras","BotafogoRJ",V
30/10/2002,"Paysandu","Goiás",D
31/10/2002,"Fluminense","Vasco",V
31/10/2002,"Paraná","Juventude",V
31/10/2002,"SãoPaulo","PontePreta",V
02/11/2002,"Flamengo","BotafogoRJ",V
02/11/2002,"Guarani","Santos",D
02/11/2002,"Internacional","Coritiba",D
03/11/2002,"AtléticoPR","AtléticoMG",E
03/11/2002,"Corinthians","Fluminense",D
03/11/2002,"Cruzeiro","Grêmio",V
03/11/2002,"Goiás","Paraná",V
03/11/2002,"Paysandu","Figueirense",V
03/11/2002,"PontePreta","Portuguesa",E
03/11/2002,"SãoCaetano","Juventude",V
03/11/2002,"Vasco","Palmeiras",V
03/11/2002,"Vitória","Bahia",V
06/11/2002,"AtléticoPR","Paysandu",V
06/11/2002,"Figueirense","Grêmio",D
06/11/2002,"Fluminense","Palmeiras",D
06/11/2002,"Gama","Cruzeiro",D
06/11/2002,"SãoCaetano","Internacional",E
06/11/2002,"SãoPaulo","Vasco",V
06/11/2002,"Vitória","Guarani",V
07/11/2002,"AtléticoMG","Coritiba",V
07/11/2002,"Corinthians","Portuguesa",V
07/11/2002,"Paraná","BotafogoRJ",V
09/11/2002,"Cruzeiro","AtléticoPR",V
09/11/2002,"Grêmio","SãoCaetano",E
09/11/2002,"Paysandu","Fluminense",V
09/11/2002,"Santos","PontePreta",D
09/11/2002,"Vasco","Vitória",V
10/11/2002,"BotafogoRJ","Corinthians",V
10/11/2002,"Coritiba","Paraná",V
10/11/2002,"Goiás","AtléticoMG",V
10/11/2002,"Guarani","Bahia",E
10/11/2002,"Juventude","Internacional",V
10/11/2002,"Portuguesa","Flamengo",D
13/11/2002,"AtléticoMG","Gama",V
13/11/2002,"Bahia","Corinthians",E
13/11/2002,"Coritiba","Figueirense",D
13/11/2002,"Internacional","Cruzeiro",D
13/11/2002,"Juventude","Paysandu",E
13/11/2002,"Palmeiras","Flamengo",E
13/11/2002,"Vasco","PontePreta",V
14/11/2002,"Fluminense","Portuguesa",V
14/11/2002,"Guarani","BotafogoRJ",V
14/11/2002,"Paraná","Grêmio",E
14/11/2002,"SãoPaulo","Vitória",V
17/11/2002,"AtléticoPR","Juventude",V
17/11/2002,"BotafogoRJ","SãoPaulo",D
17/11/2002,"Corinthians","Vasco",E
17/11/2002,"Cruzeiro","Goiás",V
17/11/2002,"Figueirense","Paraná",E
17/11/2002,"Flamengo","Guarani",E
17/11/2002,"Gama","Coritiba",V
17/11/2002,"Grêmio","AtléticoMG",V
17/11/2002,"Paysandu","Internacional",D
17/11/2002,"PontePreta","Fluminense",D
17/11/2002,"Portuguesa","Bahia",D
17/11/2002,"SãoCaetano","Santos",V
17/11/2002,"Vitória","Palmeiras",V
24/11/2002,"Santos","SãoPaulo",V
24/11/2002,"Fluminense","SãoCaetano",V
24/11/2002,"AtléticoMG","Corinthians",D
24/11/2002,"Grêmio","Juventude",E
27/11/2002,"SãoCaetano","Fluminense",V
27/11/2002,"Corinthians","AtléticoMG",V
27/11/2002,"Juventude","Grêmio",D
27/11/2002,"SãoPaulo","Santos",D
01/12/2002,"Santos","Grêmio",V
01/12/2002,"Fluminense","Corinthians",V
04/12/2002,"Grêmio","Santos",V
04/12/2002,"Corinthians","Fluminense",V
08/12/2002,"Santos","Corinthians",V
29/03/2003,"AtléticoPR","Grêmio",V
29/03/2003,"Guarani","Vasco",V
30/03/2003,"Corinthians","AtléticoMG",D
30/03/2003,"Goiás","Paysandu",E
30/03/2003,"Criciúma","Fluminense",V
30/03/2003,"Cruzeiro","SãoCaetano",E
30/03/2003,"Flamengo","Coritiba",E
30/03/2003,"Fortaleza","Bahia",E
30/03/2003,"Internacional","PontePreta",E
30/03/2003,"Juventude","SãoPaulo",E
30/03/2003,"Santos","Paraná",E
30/03/2003,"Vitória","Figueirense",E
05/04/2003,"Fluminense","Fortaleza",E
05/04/2003,"AtléticoMG","Santos",E
05/04/2003,"Grêmio","Guarani",V
05/04/2003,"Coritiba","Internacional",D
06/04/2003,"Bahia","Flamengo",D
06/04/2003,"Vasco","Goiás",V
06/04/2003,"Figueirense","Corinthians",E
06/04/2003,"SãoPaulo","Cruzeiro",D
06/04/2003,"Paysandu","Vitória",D
06/04/2003,"PontePreta","Juventude",V
06/04/2003,"Paraná","AtléticoPR",V
06/04/2003,"SãoCaetano","Criciúma",V
09/04/2003,"Paysandu","Santos",V
12/04/2003,"Internacional","Bahia",V
12/04/2003,"AtléticoPR","AtléticoMG",D
12/04/2003,"Corinthians","Paysandu",V
12/04/2003,"Santos","Figueirense",V
13/04/2003,"Cruzeiro","PontePreta",V
13/04/2003,"Vitória","Vasco",V
13/04/2003,"Flamengo","Fluminense",V
13/04/2003,"Criciúma","SãoPaulo",E
13/04/2003,"Fortaleza","SãoCaetano",E
13/04/2003,"Juventude","Coritiba",V
13/04/2003,"Guarani","Paraná",V
13/04/2003,"Goiás","Grêmio",E
16/04/2003,"SãoCaetano","Flamengo",E
16/04/2003,"Vasco","Corinthians",E
16/04/2003,"Bahia","Juventude",V
16/04/2003,"Grêmio","Vitória",V
16/04/2003,"Coritiba","Cruzeiro",D
16/04/2003,"AtléticoMG","Guarani",V
16/04/2003,"Figueirense","AtléticoPR",E
16/04/2003,"PontePreta","Criciúma",E
17/04/2003,"Fluminense","Internacional",V
17/04/2003,"Paraná","Goiás",V
17/04/2003,"SãoPaulo","Fortaleza",V
19/04/2003,"Flamengo","Santos",D
19/04/2003,"Bahia","AtléticoMG",D
19/04/2003,"SãoCaetano","Grêmio",E
20/04/2003,"SãoPaulo","Vasco",V
20/04/2003,"Fluminense","Paraná",E
20/04/2003,"Cruzeiro","Goiás",V
20/04/2003,"Internacional","Corinthians",V
20/04/2003,"PontePreta","Paysandu",E
20/04/2003,"Fortaleza","AtléticoPR",V
20/04/2003,"Juventude","Vitória",E
20/04/2003,"Criciúma","Guarani",V
21/04/2003,"Coritiba","Figueirense",V
26/04/2003,"AtléticoMG","Coritiba",D
26/04/2003,"Paraná","Bahia",V
26/04/2003,"Guarani","Cruzeiro",E
26/04/2003,"Vitória","Internacional",D
27/04/2003,"Grêmio","Fluminense",D
27/04/2003,"Corinthians","Flamengo",E
27/04/2003,"Vasco","SãoCaetano",V
27/04/2003,"Goiás","Juventude",V
27/04/2003,"Paysandu","SãoPaulo",V
27/04/2003,"Santos","Fortaleza",V
27/04/2003,"AtléticoPR","Criciúma",V
27/04/2003,"Figueirense","PontePreta",E
03/05/2003,"Bahia","Grêmio",V
03/05/2003,"Cruzeiro","AtléticoPR",V
03/05/2003,"Flamengo","Vitória",V
04/05/2003,"Coritiba","Paraná",V
04/05/2003,"Criciúma","Santos",D
04/05/2003,"Fluminense","Vasco",E
04/05/2003,"Fortaleza","Corinthians",D
04/05/2003,"Internacional","Goiás",V
04/05/2003,"Juventude","Guarani",E
04/05/2003,"PontePreta","AtléticoMG",V
04/05/2003,"SãoCaetano","Paysandu",V
04/05/2003,"SãoPaulo","Figueirense",V
10/05/2003,"Corinthians","Criciúma",V
10/05/2003,"Goiás","Flamengo",E
10/05/2003,"Paraná","PontePreta",V
10/05/2003,"Santos","Cruzeiro",D
11/05/2003,"AtléticoMG","SãoPaulo",E
11/05/2003,"AtléticoPR","Juventude",V
11/05/2003,"Figueirense","SãoCaetano",V
11/05/2003,"Grêmio","Coritiba",V
11/05/2003,"Guarani","Internacional",V
11/05/2003,"Paysandu","Fluminense",E
11/05/2003,"Vasco","Bahia",E
11/05/2003,"Vitória","Fortaleza",V
17/05/2003,"Juventude","Santos",E
17/05/2003,"Fluminense","Figueirense",V
17/05/2003,"SãoCaetano","AtléticoMG",V
18/05/2003,"Bahia","Paysandu",V
18/05/2003,"SãoPaulo","Paraná",V
18/05/2003,"Coritiba","Vasco",E
18/05/2003,"Criciúma","Vitória",E
18/05/2003,"Cruzeiro","Corinthians",E
18/05/2003,"Flamengo","Guarani",E
18/05/2003,"Fortaleza","Goiás",V
18/05/2003,"Internacional","AtléticoPR",E
18/05/2003,"PontePreta","Grêmio",V
24/05/2003,"AtléticoMG","Fluminense",V
24/05/2003,"Corinthians","Juventude",V
24/05/2003,"Paraná","SãoCaetano",E
24/05/2003,"Vasco","PontePreta",V
25/05/2003,"AtléticoPR","Flamengo",V
25/05/2003,"Figueirense","Bahia",V
25/05/2003,"Goiás","Criciúma",D
25/05/2003,"Grêmio","SãoPaulo",D
25/05/2003,"Guarani","Fortaleza",V
25/05/2003,"Paysandu","Coritiba",D
25/05/2003,"Santos","Internacional",V
25/05/2003,"Vitória","Cruzeiro",V
31/05/2003,"Coritiba","Guarani",V
31/05/2003,"Cruzeiro","Criciúma",V
31/05/2003,"Fluminense","AtléticoPR",V
31/05/2003,"Internacional","Paysandu",V
31/05/2003,"PontePreta","SãoCaetano",E
01/06/2003,"Bahia","Goiás",V
01/06/2003,"Corinthians","Vitória",V
01/06/2003,"Figueirense","Grêmio",V
01/06/2003,"Fortaleza","Juventude",V
01/06/2003,"Paraná","Flamengo",V
01/06/2003,"Santos","SãoPaulo",V
01/06/2003,"Vasco","AtléticoMG",E
07/06/2003,"AtléticoMG","Figueirense",E
07/06/2003,"Grêmio","Fortaleza",V
07/06/2003,"Guarani","Santos",D
07/06/2003,"Vitória","Fluminense",V
08/06/2003,"AtléticoPR","PontePreta",V
08/06/2003,"Criciúma","Internacional",V
08/06/2003,"Goiás","Coritiba",D
08/06/2003,"Juventude","Vasco",E
08/06/2003,"Paysandu","Paraná",V
08/06/2003,"SãoCaetano","Corinthians",V
08/06/2003,"SãoPaulo","Bahia",E
14/06/2003,"Fluminense","Goiás",D
14/06/2003,"PontePreta","Guarani",D
14/06/2003,"Coritiba","AtléticoPR",V
15/06/2003,"Bahia","Vitória",V
15/06/2003,"Corinthians","SãoPaulo",D
15/06/2003,"Criciúma","Figueirense",V
15/06/2003,"Cruzeiro","AtléticoMG",E
15/06/2003,"Fortaleza","Paysandu",D
15/06/2003,"Grêmio","Internacional",E
15/06/2003,"Paraná","Juventude",D
15/06/2003,"Santos","SãoCaetano",D
15/06/2003,"Vasco","Flamengo",D
18/06/2003,"Flamengo","Cruzeiro",V
19/06/2003,"Bahia","Coritiba",E
21/06/2003,"AtléticoMG","Grêmio",V
21/06/2003,"SãoPaulo","Goiás",V
21/06/2003,"Vasco","Criciúma",V
21/06/2003,"Internacional","Paraná",V
22/06/2003,"Figueirense","Fortaleza",E
22/06/2003,"Fluminense","Guarani",V
22/06/2003,"Juventude","Cruzeiro",D
22/06/2003,"Paysandu","Flamengo",E
22/06/2003,"PontePreta","Corinthians",E
22/06/2003,"SãoCaetano","Vitória",V
28/06/2003,"Coritiba","SãoCaetano",V
28/06/2003,"Flamengo","Figueirense",D
28/06/2003,"Fortaleza","Vasco",D
28/06/2003,"Grêmio","Juventude",D
28/06/2003,"Santos","Bahia",V
29/06/2003,"Corinthians","Fluminense",V
29/06/2003,"Criciúma","Paysandu",V
29/06/2003,"Cruzeiro","Internacional",V
29/06/2003,"Guarani","SãoPaulo",D
29/06/2003,"Paraná","AtléticoMG",E
29/06/2003,"Vitória","AtléticoPR",V
05/07/2003,"Vasco","Paraná",D
05/07/2003,"SãoPaulo","SãoCaetano",E
05/07/2003,"AtléticoMG","Paysandu",V
05/07/2003,"Figueirense","Cruzeiro",V
06/07/2003,"Juventude","Internacional",E
06/07/2003,"Grêmio","Flamengo",V
06/07/2003,"Fluminense","Bahia",V
06/07/2003,"Guarani","Goiás",V
06/07/2003,"AtléticoPR","Corinthians",V
06/07/2003,"Fortaleza","Criciúma",D
06/07/2003,"Vitória","PontePreta",D
06/07/2003,"Santos","Coritiba",V
09/07/2003,"Cruzeiro","Fortaleza",V
09/07/2003,"Bahia","Guarani",V
09/07/2003,"SãoCaetano","AtléticoPR",E
09/07/2003,"Flamengo","Juventude",V
09/07/2003,"Internacional","Vasco",V
09/07/2003,"Goiás","Vitória",E
09/07/2003,"Coritiba","SãoPaulo",D
09/07/2003,"Paysandu","Figueirense",V
09/07/2003,"Corinthians","Santos",E
10/07/2003,"Paraná","Grêmio",V
10/07/2003,"PontePreta","Fluminense",V
10/07/2003,"Criciúma","AtléticoMG",V
12/07/2003,"AtléticoPR","Goiás",E
12/07/2003,"Fortaleza","Internacional",V
12/07/2003,"Vasco","Paysandu",D
13/07/2003,"AtléticoMG","Flamengo",V
13/07/2003,"Corinthians","Coritiba",D
13/07/2003,"Criciúma","Juventude",V
13/07/2003,"Figueirense","Paraná",V
13/07/2003,"Fluminense","SãoPaulo",D
13/07/2003,"Grêmio","Cruzeiro",D
13/07/2003,"PontePreta","Bahia",V
13/07/2003,"SãoCaetano","Guarani",D
13/07/2003,"Vitória","Santos",V
16/07/2003,"Bahia","SãoCaetano",E
16/07/2003,"Coritiba","Fluminense",V
16/07/2003,"Cruzeiro","Vasco",V
16/07/2003,"Flamengo","Fortaleza",D
16/07/2003,"Goiás","Corinthians",E
16/07/2003,"Guarani","Vitória",E
16/07/2003,"Internacional","AtléticoMG",E
16/07/2003,"Juventude","Figueirense",D
16/07/2003,"Santos","PontePreta",V
17/07/2003,"Paysandu","Grêmio",E
17/07/2003,"SãoPaulo","AtléticoPR",V
19/07/2003,"Corinthians","Guarani",V
19/07/2003,"Fluminense","Santos",D
19/07/2003,"Fortaleza","AtléticoMG",V
19/07/2003,"Internacional","Figueirense",V
20/07/2003,"Juventude","Paysandu",V
20/07/2003,"AtléticoPR","Bahia",V
20/07/2003,"Criciúma","Flamengo",V
20/07/2003,"Cruzeiro","Paraná",V
20/07/2003,"Goiás","SãoCaetano",V
20/07/2003,"PontePreta","Coritiba",E
20/07/2003,"Vasco","Grêmio",V
20/07/2003,"Vitória","SãoPaulo",D
23/07/2003,"AtléticoMG","Juventude",V
23/07/2003,"Bahia","Corinthians",E
23/07/2003,"Figueirense","Vasco",E
23/07/2003,"Guarani","AtléticoPR",V
23/07/2003,"Paraná","Fortaleza",V
23/07/2003,"Paysandu","Cruzeiro",V
23/07/2003,"Santos","Goiás",E
24/07/2003,"Coritiba","Vitória",E
24/07/2003,"Flamengo","Internacional",V
24/07/2003,"Grêmio","Criciúma",D
24/07/2003,"SãoCaetano","Fluminense",V
24/07/2003,"SãoPaulo","PontePreta",D
26/07/2003,"AtléticoPR","Paysandu",E
26/07/2003,"Goiás","AtléticoMG",E
26/07/2003,"Santos","Vasco",V
27/07/2003,"Corinthians","Grêmio",V
27/07/2003,"Criciúma","Coritiba",D
27/07/2003,"Cruzeiro","Bahia",V
27/07/2003,"Flamengo","SãoPaulo",E
27/07/2003,"Fortaleza","PontePreta",D
27/07/2003,"Guarani","Figueirense",V
27/07/2003,"Internacional","SãoCaetano",E
27/07/2003,"Juventude","Fluminense",V
27/07/2003,"Vitória","Paraná",D
30/07/2003,"AtléticoPR","Santos",D
30/07/2003,"Goiás","PontePreta",E
31/07/2003,"Paraná","Criciúma",V
02/08/2003,"Fluminense","Cruzeiro",E
02/08/2003,"Grêmio","Santos",V
02/08/2003,"SãoCaetano","Juventude",E
02/08/2003,"SãoPaulo","Internacional",D
03/08/2003,"AtléticoMG","Vitória",V
03/08/2003,"Bahia","Criciúma",E
03/08/2003,"Coritiba","Fortaleza",E
03/08/2003,"Figueirense","Goiás",D
03/08/2003,"Paraná","Corinthians",E
03/08/2003,"Paysandu","Guarani",V
03/08/2003,"PontePreta","Flamengo",E
03/08/2003,"Vasco","AtléticoPR",V
06/08/2003,"AtléticoPR","Paraná",V
06/08/2003,"Criciúma","SãoCaetano",D
06/08/2003,"Cruzeiro","SãoPaulo",E
06/08/2003,"Fortaleza","Fluminense",V
06/08/2003,"Goiás","Vasco",V
06/08/2003,"Juventude","PontePreta",E
06/08/2003,"Santos","AtléticoMG",E
06/08/2003,"Vitória","Paysandu",E
07/08/2003,"Corinthians","Figueirense",D
07/08/2003,"Flamengo","Bahia",V
07/08/2003,"Guarani","Grêmio",V
07/08/2003,"Internacional","Coritiba",V
09/08/2003,"Fluminense","Criciúma",E
09/08/2003,"Paraná","Santos",D
09/08/2003,"SãoCaetano","Cruzeiro",V
09/08/2003,"SãoPaulo","Juventude",V
10/08/2003,"AtléticoMG","Corinthians",D
10/08/2003,"Bahia","Fortaleza",V
10/08/2003,"Coritiba","Flamengo",V
10/08/2003,"Figueirense","Vitória",D
10/08/2003,"Grêmio","AtléticoPR",E
10/08/2003,"Paysandu","Goiás",E
10/08/2003,"PontePreta","Internacional",D
10/08/2003,"Vasco","Guarani",E
16/08/2003,"AtléticoMG","AtléticoPR",D
16/08/2003,"Bahia","Internacional",D
16/08/2003,"Coritiba","Juventude",V
16/08/2003,"Figueirense","Santos",V
16/08/2003,"SãoPaulo","Criciúma",E
16/08/2003,"Vasco","Vitória",V
17/08/2003,"Fluminense","Flamengo",D
17/08/2003,"Grêmio","Goiás",D
17/08/2003,"Paraná","Guarani",E
17/08/2003,"Paysandu","Corinthians",E
17/08/2003,"PontePreta","Cruzeiro",D
17/08/2003,"SãoCaetano","Fortaleza",V
20/08/2003,"AtléticoPR","Figueirense",D
20/08/2003,"Corinthians","Vasco",E
20/08/2003,"Cruzeiro","Coritiba",E
20/08/2003,"Flamengo","SãoCaetano",V
20/08/2003,"Fortaleza","SãoPaulo",D
20/08/2003,"Goiás","Paraná",V
20/08/2003,"Juventude","Bahia",V
20/08/2003,"Santos","Paysandu",V
20/08/2003,"Vitória","Grêmio",V
21/08/2003,"Guarani","AtléticoMG",E
21/08/2003,"Criciúma","PontePreta",V
21/08/2003,"Internacional","Fluminense",D
23/08/2003,"AtléticoPR","Fortaleza",V
23/08/2003,"Goiás","Cruzeiro",V
23/08/2003,"Grêmio","SãoCaetano",E
23/08/2003,"Santos","Flamengo",V
24/08/2003,"AtléticoMG","Bahia",V
24/08/2003,"Corinthians","Internacional",V
24/08/2003,"Figueirense","Coritiba",D
24/08/2003,"Guarani","Criciúma",V
24/08/2003,"Paraná","Fluminense",V
24/08/2003,"Paysandu","PontePreta",V
24/08/2003,"Vasco","SãoPaulo",V
24/08/2003,"Vitória","Juventude",V
30/08/2003,"Cruzeiro","Guarani",V
30/08/2003,"Fluminense","Grêmio",V
30/08/2003,"Fortaleza","Santos",E
30/08/2003,"Internacional","Vitória",D
30/08/2003,"SãoPaulo","Paysandu",V
31/08/2003,"Bahia","Paraná",V
31/08/2003,"Coritiba","AtléticoMG",E
31/08/2003,"Criciúma","AtléticoPR",V
31/08/2003,"Flamengo","Corinthians",V
31/08/2003,"Juventude","Goiás",D
31/08/2003,"PontePreta","Figueirense",E
31/08/2003,"SãoCaetano","Vasco",V
13/09/2003,"AtléticoPR","Cruzeiro",D
13/09/2003,"Corinthians","Fortaleza",V
13/09/2003,"Grêmio","Bahia",E
13/09/2003,"Santos","Criciúma",V
14/09/2003,"AtléticoMG","PontePreta",V
14/09/2003,"Figueirense","SãoPaulo",E
14/09/2003,"Goiás","Internacional",V
14/09/2003,"Guarani","Juventude",V
14/09/2003,"Paraná","Coritiba",D
14/09/2003,"Paysandu","SãoCaetano",V
14/09/2003,"Vasco","Fluminense",V
14/09/2003,"Vitória","Flamengo",V
20/09/2003,"Coritiba","Grêmio",V
20/09/2003,"Cruzeiro","Santos",V
20/09/2003,"PontePreta","Paraná",V
20/09/2003,"Fluminense","Paysandu",E
20/09/2003,"Internacional","Guarani",V
21/09/2003,"Bahia","Vasco",V
21/09/2003,"Criciúma","Corinthians",V
21/09/2003,"Flamengo","Goiás",E
21/09/2003,"Fortaleza","Vitória",V
21/09/2003,"Juventude","AtléticoPR",V
21/09/2003,"SãoCaetano","Figueirense",D
21/09/2003,"SãoPaulo","AtléticoMG",E
24/09/2003,"Goiás","Fortaleza",D
24/09/2003,"Paysandu","Bahia",V
24/09/2003,"Vitória","Criciúma",E
24/09/2003,"Grêmio","PontePreta",E
24/09/2003,"AtléticoPR","Internacional",V
24/09/2003,"Santos","Juventude",E
24/09/2003,"Guarani","Flamengo",V
24/09/2003,"Paraná","SãoPaulo",V
24/09/2003,"Corinthians","Cruzeiro",D
25/09/2003,"AtléticoMG","SãoCaetano",V
25/09/2003,"Figueirense","Fluminense",E
25/09/2003,"Vasco","Coritiba",V
27/09/2003,"Flamengo","AtléticoPR",V
27/09/2003,"Internacional","Santos",V
27/09/2003,"SãoPaulo","Grêmio",V
28/09/2003,"Bahia","Figueirense",E
28/09/2003,"Coritiba","Paysandu",V
28/09/2003,"Criciúma","Goiás",V
28/09/2003,"Cruzeiro","Vitória",V
28/09/2003,"Fluminense","AtléticoMG",D
28/09/2003,"Fortaleza","Guarani",V
28/09/2003,"Juventude","Corinthians",V
28/09/2003,"PontePreta","Vasco",E
28/09/2003,"SãoCaetano","Paraná",V
04/10/2003,"AtléticoPR","Fluminense",E
04/10/2003,"Paysandu","Internacional",E
04/10/2003,"Grêmio","Figueirense",V
04/10/2003,"SãoCaetano","PontePreta",V
04/10/2003,"SãoPaulo","Santos",D
05/10/2003,"Vitória","Corinthians",D
05/10/2003,"Flamengo","Paraná",D
05/10/2003,"Goiás","Bahia",V
05/10/2003,"AtléticoMG","Vasco",V
05/10/2003,"Juventude","Fortaleza",E
05/10/2003,"Criciúma","Cruzeiro",D
05/10/2003,"Guarani","Coritiba",V
08/10/2003,"Cruzeiro","Flamengo",V
08/10/2003,"Coritiba","Goiás",V
08/10/2003,"Bahia","SãoPaulo",V
08/10/2003,"Santos","Guarani",E
08/10/2003,"PontePreta","AtléticoPR",E
08/10/2003,"Fortaleza","Grêmio",E
08/10/2003,"Vasco","Juventude",E
08/10/2003,"Corinthians","SãoCaetano",D
09/10/2003,"Fluminense","Vitória",V
09/10/2003,"Paraná","Paysandu",V
09/10/2003,"Figueirense","AtléticoMG",D
09/10/2003,"Internacional","Criciúma",V
11/10/2003,"SãoCaetano","Santos",E
11/10/2003,"AtléticoPR","Coritiba",V
11/10/2003,"Guarani","PontePreta",D
12/10/2003,"Vitória","Bahia",V
12/10/2003,"Flamengo","Vasco",V
12/10/2003,"Goiás","Fluminense",V
12/10/2003,"SãoPaulo","Corinthians",V
12/10/2003,"AtléticoMG","Cruzeiro",D
12/10/2003,"Internacional","Grêmio",D
12/10/2003,"Juventude","Paraná",E
12/10/2003,"Figueirense","Criciúma",V
15/10/2003,"Paysandu","Fortaleza",V
18/10/2003,"Coritiba","Bahia",V
18/10/2003,"Grêmio","AtléticoMG",E
18/10/2003,"Flamengo","Paysandu",V
18/10/2003,"Goiás","SãoPaulo",V
18/10/2003,"Guarani","Fluminense",V
19/10/2003,"Corinthians","PontePreta",V
19/10/2003,"Santos","AtléticoPR",V
19/10/2003,"Paraná","Internacional",V
19/10/2003,"Criciúma","Vasco",V
19/10/2003,"Fortaleza","Figueirense",E
19/10/2003,"Vitória","SãoCaetano",E
19/10/2003,"Cruzeiro","Juventude",D
22/10/2003,"SãoCaetano","Coritiba",V
22/10/2003,"Figueirense","Flamengo",E
22/10/2003,"Fluminense","Corinthians",V
22/10/2003,"PontePreta","Goiás",D
22/10/2003,"Bahia","Santos",D
22/10/2003,"AtléticoPR","Vitória",D
22/10/2003,"Internacional","Cruzeiro",V
23/10/2003,"Paysandu","Criciúma",V
23/10/2003,"AtléticoMG","Paraná",E
23/10/2003,"Juventude","Grêmio",D
23/10/2003,"Vasco","Fortaleza",E
23/10/2003,"SãoPaulo","Guarani",E
25/10/2003,"Bahia","Fluminense",E
25/10/2003,"Cruzeiro","Figueirense",V
25/10/2003,"Coritiba","Santos",D
25/10/2003,"PontePreta","Vitória",E
26/10/2003,"Paysandu","AtléticoMG",V
26/10/2003,"Paraná","Vasco",E
26/10/2003,"Flamengo","Grêmio",V
26/10/2003,"Corinthians","AtléticoPR",D
26/10/2003,"SãoCaetano","SãoPaulo",D
26/10/2003,"Criciúma","Fortaleza",E
26/10/2003,"Internacional","Juventude",E
26/10/2003,"Goiás","Guarani",V
01/11/2003,"Guarani","Bahia",V
01/11/2003,"AtléticoPR","SãoCaetano",V
01/11/2003,"Grêmio","Paraná",D
01/11/2003,"Fluminense","PontePreta",E
01/11/2003,"AtléticoMG","Criciúma",E
02/11/2003,"SãoPaulo","Coritiba",V
02/11/2003,"Fortaleza","Cruzeiro",D
02/11/2003,"Vasco","Internacional",D
02/11/2003,"Figueirense","Paysandu",V
02/11/2003,"Vitória","Goiás",D
02/11/2003,"Santos","Corinthians",V
02/11/2003,"Juventude","Flamengo",E
05/11/2003,"Paysandu","Vasco",D
05/11/2003,"Juventude","Criciúma",V
05/11/2003,"SãoPaulo","Fluminense",V
05/11/2003,"Coritiba","Corinthians",V
05/11/2003,"Santos","Vitória",V
05/11/2003,"Cruzeiro","Grêmio",V
05/11/2003,"Internacional","Fortaleza",E
05/11/2003,"Paraná","Figueirense",E
06/11/2003,"Guarani","SãoCaetano",D
06/11/2003,"Bahia","PontePreta",V
06/11/2003,"Goiás","AtléticoPR",V
06/11/2003,"Flamengo","AtléticoMG",V
08/11/2003,"Fluminense","Coritiba",V
08/11/2003,"Criciúma","Paraná",D
08/11/2003,"Grêmio","Paysandu",V
09/11/2003,"PontePreta","Santos",D
09/11/2003,"Vitória","Guarani",E
09/11/2003,"Figueirense","Juventude",V
09/11/2003,"Fortaleza","Flamengo",V
09/11/2003,"Vasco","Cruzeiro",D
09/11/2003,"Corinthians","Goiás",V
09/11/2003,"AtléticoPR","SãoPaulo",V
09/11/2003,"AtléticoMG","Internacional",D
09/11/2003,"SãoCaetano","Bahia",V
22/11/2003,"AtléticoMG","Fortaleza",V
22/11/2003,"Coritiba","PontePreta",E
22/11/2003,"Figueirense","Internacional",V
22/11/2003,"Flamengo","Criciúma",V
22/11/2003,"Grêmio","Vasco",V
23/11/2003,"Santos","Fluminense",V
23/11/2003,"SãoPaulo","Vitória",V
23/11/2003,"Paraná","Cruzeiro",D
23/11/2003,"SãoCaetano","Goiás",V
23/11/2003,"Guarani","Corinthians",D
23/11/2003,"Paysandu","Juventude",V
23/11/2003,"Bahia","AtléticoPR",D
29/11/2003,"Vasco","Figueirense",V
29/11/2003,"Juventude","AtléticoMG",V
29/11/2003,"Fluminense","SãoCaetano",V
29/11/2003,"Internacional","Flamengo",V
29/11/2003,"AtléticoPR","Guarani",V
30/11/2003,"Cruzeiro","Paysandu",V
30/11/2003,"Corinthians","Bahia",D
30/11/2003,"Goiás","Santos",V
30/11/2003,"PontePreta","SãoPaulo",D
30/11/2003,"Fortaleza","Paraná",V
30/11/2003,"Vitória","Coritiba",V
30/11/2003,"Criciúma","Grêmio",D
06/12/2003,"Vitória","AtléticoMG",D
06/12/2003,"AtléticoPR","Vasco",E
06/12/2003,"Goiás","Figueirense",D
06/12/2003,"Corinthians","Paraná",E
07/12/2003,"Cruzeiro","Fluminense",V
07/12/2003,"Guarani","Paysandu",V
07/12/2003,"Fortaleza","Coritiba",E
07/12/2003,"Internacional","SãoPaulo",E
07/12/2003,"Flamengo","PontePreta",E
07/12/2003,"Criciúma","Bahia",V
07/12/2003,"Santos","Grêmio",E
07/12/2003,"Juventude","SãoCaetano",V
13/12/2003,"AtléticoMG","Goiás",V
13/12/2003,"Paraná","Vitória",V
13/12/2003,"SãoCaetano","Internacional",V
13/12/2003,"Coritiba","Criciúma",V
13/12/2003,"Figueirense","Guarani",V
14/12/2003,"SãoPaulo","Flamengo",D
14/12/2003,"Vasco","Santos",E
14/12/2003,"Fluminense","Juventude",V
14/12/2003,"Grêmio","Corinthians",V
14/12/2003,"Paysandu","AtléticoPR",E
14/12/2003,"PontePreta","Fortaleza",V
14/12/2003,"Bahia","Cruzeiro",D
21/04/2004,"Botafogo","Goiás",D
21/04/2004,"Figueirense","Internacional",V
21/04/2004,"SãoCaetano","Vitória",V
21/04/2004,"Cruzeiro","Juventude",V
21/04/2004,"Palmeiras","AtléticoMG",E
21/04/2004,"Grêmio","Flamengo",E
21/04/2004,"PontePreta","Corinthians",V
21/04/2004,"Paraná","Santos",V
22/04/2004,"Coritiba","Guarani",V
22/04/2004,"Vasco","Criciúma",D
22/04/2004,"Paysandu","Fluminense",E
22/04/2004,"SãoPaulo","AtléticoPR",V
24/04/2004,"Flamengo","PontePreta",E
24/04/2004,"Goiás","Cruzeiro",E
24/04/2004,"Juventude","Grêmio",E
25/04/2004,"Internacional","Palmeiras",V
25/04/2004,"AtléticoMG","Vasco",E
25/04/2004,"Fluminense","Coritiba",E
25/04/2004,"Corinthians","Paysandu",V
25/04/2004,"Guarani","SãoCaetano",E
25/04/2004,"AtléticoPR","Figueirense",D
25/04/2004,"Vitória","Paraná",V
25/04/2004,"Criciúma","SãoPaulo",E
25/04/2004,"Santos","Botafogo",V
28/04/2004,"Botafogo","AtléticoMG",E
28/04/2004,"Coritiba","Internacional",E
28/04/2004,"Cruzeiro","Criciúma",E
28/04/2004,"Paysandu","AtléticoPR",D
28/04/2004,"PontePreta","Goiás",V
28/04/2004,"Figueirense","Santos",V
28/04/2004,"Grêmio","Corinthians",V
28/04/2004,"SãoPaulo","Fluminense",V
29/04/2004,"Vasco","Guarani",D
29/04/2004,"Paraná","Flamengo",V
29/04/2004,"Palmeiras","Vitória",E
01/05/2004,"AtléticoMG","PontePreta",D
01/05/2004,"Criciúma","Botafogo",V
01/05/2004,"Goiás","Grêmio",V
01/05/2004,"Internacional","Paysandu",V
02/05/2004,"AtléticoPR","Coritiba",E
02/05/2004,"Corinthians","Palmeiras",D
02/05/2004,"Flamengo","SãoCaetano",E
02/05/2004,"Fluminense","Vasco",V
02/05/2004,"Guarani","SãoPaulo",D
02/05/2004,"Juventude","Paraná",V
02/05/2004,"Santos","Cruzeiro",D
02/05/2004,"Vitória","Figueirense",V
08/05/2004,"Guarani","AtléticoPR",E
08/05/2004,"Palmeiras","PontePreta",V
08/05/2004,"Paraná","Cruzeiro",V
08/05/2004,"Vasco","Grêmio",E
08/05/2004,"Santos","Juventude",V
08/05/2004,"SãoCaetano","Criciúma",V
09/05/2004,"AtléticoMG","Corinthians",E
09/05/2004,"Botafogo","Paysandu",E
09/05/2004,"Coritiba","SãoPaulo",D
09/05/2004,"Goiás","Figueirense",V
09/05/2004,"Internacional","Fluminense",E
09/05/2004,"Vitória","Flamengo",V
15/05/2004,"AtléticoPR","Santos",V
15/05/2004,"Paysandu","Vasco",D
16/05/2004,"Corinthians","Guarani",V
16/05/2004,"Fluminense","Vitória",V
16/05/2004,"Criciúma","Goiás",V
16/05/2004,"Cruzeiro","Palmeiras",V
16/05/2004,"Figueirense","SãoCaetano",V
16/05/2004,"Flamengo","Internacional",D
16/05/2004,"Grêmio","Botafogo",E
16/05/2004,"Juventude","AtléticoMG",E
16/05/2004,"PontePreta","Coritiba",E
16/05/2004,"SãoPaulo","Paraná",E
22/05/2004,"Botafogo","Figueirense",E
22/05/2004,"Coritiba","AtléticoMG",D
22/05/2004,"Internacional","Goiás",V
22/05/2004,"Paysandu","Grêmio",D
23/05/2004,"Corinthians","AtléticoPR",D
23/05/2004,"Criciúma","Vitória",V
23/05/2004,"Cruzeiro","SãoPaulo",V
23/05/2004,"Flamengo","Fluminense",D
23/05/2004,"Juventude","Guarani",V
23/05/2004,"Paraná","PontePreta",D
23/05/2004,"Santos","Palmeiras",D
23/05/2004,"SãoCaetano","Vasco",V
29/05/2004,"Fluminense","Criciúma",E
29/05/2004,"Palmeiras","Coritiba",V
29/05/2004,"PontePreta","Juventude",D
29/05/2004,"Vitória","Internacional",V
29/05/2004,"Figueirense","Paysandu",E
30/05/2004,"AtléticoMG","Santos",E
30/05/2004,"AtléticoPR","Cruzeiro",V
30/05/2004,"Goiás","Flamengo",E
30/05/2004,"Grêmio","SãoCaetano",D
30/05/2004,"Guarani","Paraná",V
30/05/2004,"SãoPaulo","Corinthians",E
30/05/2004,"Vasco","Botafogo",V
12/06/2004,"Fluminense","Guarani",E
12/06/2004,"Internacional","AtléticoMG",V
12/06/2004,"Paraná","Botafogo",E
12/06/2004,"SãoPaulo","Grêmio",V
13/06/2004,"Coritiba","SãoCaetano",V
13/06/2004,"Criciúma","Juventude",V
13/06/2004,"Cruzeiro","Paysandu",V
13/06/2004,"Flamengo","AtléticoPR",V
13/06/2004,"Goiás","Corinthians",E
13/06/2004,"Palmeiras","Vasco",E
13/06/2004,"PontePreta","Figueirense",D
13/06/2004,"Vitória","Santos",D
19/06/2004,"AtléticoPR","Vitória",D
19/06/2004,"Figueirense","Cruzeiro",E
19/06/2004,"Grêmio","Coritiba",E
19/06/2004,"Vasco","Paraná",E
20/06/2004,"AtléticoMG","Fluminense",V
20/06/2004,"Botafogo","PontePreta",D
20/06/2004,"Corinthians","Flamengo",E
20/06/2004,"Guarani","Criciúma",V
20/06/2004,"Juventude","Goiás",E
20/06/2004,"Paysandu","SãoPaulo",V
20/06/2004,"Santos","Internacional",V
20/06/2004,"SãoCaetano","Palmeiras",E
24/06/2004,"SãoCaetano","Juventude",V
26/06/2004,"Santos","Guarani",V
26/06/2004,"Coritiba","Paraná",E
26/06/2004,"Criciúma","Grêmio",D
26/06/2004,"Flamengo","Figueirense",D
27/06/2004,"AtléticoMG","AtléticoPR",D
27/06/2004,"Botafogo","Fluminense",E
27/06/2004,"Goiás","SãoCaetano",V
27/06/2004,"Internacional","Vasco",D
27/06/2004,"Juventude","Corinthians",V
27/06/2004,"Palmeiras","SãoPaulo",V
27/06/2004,"Paysandu","Vitória",V
27/06/2004,"PontePreta","Cruzeiro",V
03/07/2004,"AtléticoPR","Juventude",V
03/07/2004,"Figueirense","Vasco",E
03/07/2004,"Fluminense","Grêmio",V
03/07/2004,"Guarani","AtléticoMG",E
03/07/2004,"Internacional","Criciúma",V
03/07/2004,"SãoPaulo","PontePreta",V
03/07/2004,"Vitória","Goiás",E
04/07/2004,"Corinthians","Santos",D
04/07/2004,"Cruzeiro","Coritiba",D
04/07/2004,"Flamengo","Paysandu",V
04/07/2004,"Paraná","Palmeiras",D
04/07/2004,"SãoCaetano","Botafogo",D
06/07/2004,"Goiás","Fluminense",V
06/07/2004,"Grêmio","Figueirense",E
06/07/2004,"SãoPaulo","AtléticoMG",V
06/07/2004,"Vasco","Vitória",V
07/07/2004,"Botafogo","Internacional",V
07/07/2004,"Coritiba","Corinthians",D
07/07/2004,"Criciúma","Flamengo",E
07/07/2004,"Cruzeiro","Guarani",V
07/07/2004,"Palmeiras","Juventude",V
07/07/2004,"Paraná","AtléticoPR",V
07/07/2004,"Paysandu","SãoCaetano",E
07/07/2004,"PontePreta","Santos",D
10/07/2004,"AtléticoMG","Cruzeiro",V
10/07/2004,"AtléticoPR","Palmeiras",E
10/07/2004,"Corinthians","Paraná",V
10/07/2004,"Figueirense","Criciúma",V
10/07/2004,"Flamengo","Vasco",D
10/07/2004,"Fluminense","SãoCaetano",V
10/07/2004,"Goiás","Paysandu",V
10/07/2004,"Internacional","Grêmio",V
10/07/2004,"Juventude","Coritiba",V
10/07/2004,"PontePreta","Guarani",V
10/07/2004,"Santos","SãoPaulo",V
10/07/2004,"Vitória","Botafogo",V
13/07/2004,"AtléticoMG","Vitória",E
13/07/2004,"AtléticoPR","Goiás",V
13/07/2004,"Botafogo","Palmeiras",E
13/07/2004,"Corinthians","Criciúma",V
13/07/2004,"Figueirense","Paraná",E
13/07/2004,"Grêmio","Cruzeiro",D
13/07/2004,"Guarani","Internacional",V
13/07/2004,"Juventude","Fluminense",V
13/07/2004,"Paysandu","PontePreta",V
13/07/2004,"Santos","Flamengo",V
13/07/2004,"SãoCaetano","SãoPaulo",E
13/07/2004,"Vasco","Coritiba",D
17/07/2004,"Coritiba","Paysandu",E
17/07/2004,"Criciúma","AtléticoMG",V
17/07/2004,"Cruzeiro","Botafogo",V
17/07/2004,"Flamengo","Juventude",D
17/07/2004,"Fluminense","Santos",V
17/07/2004,"Goiás","Guarani",V
17/07/2004,"Internacional","AtléticoPR",V
17/07/2004,"Palmeiras","Grêmio",V
17/07/2004,"Paraná","SãoCaetano",D
17/07/2004,"PontePreta","Vasco",V
17/07/2004,"SãoPaulo","Figueirense",V
17/07/2004,"Vitória","Corinthians",E
20/07/2004,"Paysandu","Palmeiras",V
20/07/2004,"AtléticoMG","Goiás",D
20/07/2004,"Guarani","Flamengo",D
20/07/2004,"Grêmio","Paraná",V
20/07/2004,"Vasco","Cruzeiro",V
20/07/2004,"Corinthians","Internacional",E
20/07/2004,"Figueirense","Coritiba",E
20/07/2004,"SãoCaetano","PontePreta",D
20/07/2004,"Juventude","Vitória",V
20/07/2004,"Santos","Criciúma",V
20/07/2004,"AtléticoPR","Fluminense",V
20/07/2004,"Botafogo","SãoPaulo",V
24/07/2004,"Coritiba","Botafogo",V
24/07/2004,"Criciúma","AtléticoPR",V
24/07/2004,"Cruzeiro","SãoCaetano",D
24/07/2004,"Flamengo","AtléticoMG",E
24/07/2004,"Fluminense","Corinthians",V
24/07/2004,"Goiás","Santos",E
24/07/2004,"Internacional","Juventude",D
24/07/2004,"Palmeiras","Figueirense",E
24/07/2004,"Paraná","Paysandu",V
24/07/2004,"PontePreta","Grêmio",V
24/07/2004,"SãoPaulo","Vasco",V
24/07/2004,"Vitória","Guarani",V
28/07/2004,"AtléticoPR","PontePreta",V
28/07/2004,"Botafogo","Flamengo",E
28/07/2004,"Corinthians","Cruzeiro",V
28/07/2004,"Figueirense","Fluminense",V
28/07/2004,"Grêmio","Vitória",V
28/07/2004,"Guarani","Palmeiras",V
28/07/2004,"Juventude","SãoPaulo",D
28/07/2004,"Paysandu","Criciúma",E
29/07/2004,"AtléticoMG","Paraná",V
29/07/2004,"Santos","Coritiba",V
29/07/2004,"SãoCaetano","Internacional",V
29/07/2004,"Vasco","Goiás",V
31/07/2004,"AtléticoPR","Grêmio",E
31/07/2004,"Fluminense","Cruzeiro",E
01/08/2004,"AtléticoMG","Figueirense",V
01/08/2004,"Corinthians","SãoCaetano",V
01/08/2004,"Criciúma","PontePreta",V
01/08/2004,"Flamengo","Palmeiras",D
01/08/2004,"Goiás","Paraná",V
01/08/2004,"Guarani","Botafogo",D
01/08/2004,"Internacional","SãoPaulo",E
01/08/2004,"Juventude","Vasco",E
01/08/2004,"Santos","Paysandu",V
01/08/2004,"Vitória","Coritiba",E
04/08/2004,"Coritiba","Flamengo",V
04/08/2004,"Figueirense","Guarani",E
04/08/2004,"Grêmio","Santos",V
04/08/2004,"Palmeiras","Goiás",D
04/08/2004,"Paraná","Criciúma",D
04/08/2004,"Paysandu","AtléticoMG",V
04/08/2004,"PontePreta","Fluminense",V
04/08/2004,"SãoCaetano","AtléticoPR",D
04/08/2004,"Vasco","Corinthians",D
05/08/2004,"Botafogo","Juventude",D
05/08/2004,"Cruzeiro","Internacional",V
05/08/2004,"SãoPaulo","Vitória",V
07/08/2004,"AtléticoMG","Grêmio",V
07/08/2004,"Fluminense","Paraná",V
07/08/2004,"Goiás","Coritiba",D
07/08/2004,"Santos","SãoCaetano",D
08/08/2004,"AtléticoPR","Vasco",V
08/08/2004,"Corinthians","Botafogo",E
08/08/2004,"Criciúma","Palmeiras",D
08/08/2004,"Flamengo","SãoPaulo",V
08/08/2004,"Guarani","Paysandu",E
08/08/2004,"Internacional","PontePreta",D
08/08/2004,"Juventude","Figueirense",E
08/08/2004,"Vitória","Cruzeiro",V
11/08/2004,"Cruzeiro","Flamengo",V
11/08/2004,"Figueirense","Corinthians",D
11/08/2004,"Grêmio","Guarani",E
11/08/2004,"Paraná","Internacional",D
11/08/2004,"Paysandu","Juventude",D
11/08/2004,"PontePreta","Vitória",V
11/08/2004,"SãoPaulo","Goiás",V
11/08/2004,"Vasco","Santos",D
12/08/2004,"Botafogo","AtléticoPR",E
12/08/2004,"Coritiba","Criciúma",V
12/08/2004,"Palmeiras","Fluminense",V
12/08/2004,"SãoCaetano","AtléticoMG",E
14/08/2004,"Corinthians","PontePreta",V
14/08/2004,"Flamengo","Grêmio",V
14/08/2004,"Internacional","Figueirense",V
14/08/2004,"Juventude","Cruzeiro",V
15/08/2004,"AtléticoMG","Palmeiras",D
15/08/2004,"AtléticoPR","SãoPaulo",V
15/08/2004,"Criciúma","Vasco",V
15/08/2004,"Fluminense","Paysandu",E
15/08/2004,"Goiás","Botafogo",V
15/08/2004,"Guarani","Coritiba",E
15/08/2004,"Santos","Paraná",V
15/08/2004,"Vitória","SãoCaetano",D
18/08/2004,"Botafogo","Santos",V
18/08/2004,"Cruzeiro","Goiás",D
18/08/2004,"Figueirense","AtléticoPR",E
18/08/2004,"Grêmio","Juventude",D
18/08/2004,"Palmeiras","Internacional",V
18/08/2004,"Paraná","Vitória",V
18/08/2004,"Paysandu","Corinthians",V
18/08/2004,"PontePreta","Flamengo",V
18/08/2004,"SãoCaetano","Guarani",V
19/08/2004,"Coritiba","Fluminense",V
19/08/2004,"SãoPaulo","Criciúma",V
19/08/2004,"Vasco","AtléticoMG",V
21/08/2004,"Corinthians","Grêmio",E
21/08/2004,"Flamengo","Paraná",V
22/08/2004,"Santos","Figueirense",V
22/08/2004,"AtléticoMG","Botafogo",E
22/08/2004,"AtléticoPR","Paysandu",V
22/08/2004,"Criciúma","Cruzeiro",D
22/08/2004,"Fluminense","SãoPaulo",V
22/08/2004,"Goiás","PontePreta",V
22/08/2004,"Guarani","Vasco",E
22/08/2004,"Internacional","Coritiba",E
22/08/2004,"Juventude","SãoCaetano",E
22/08/2004,"Vitória","Palmeiras",E
28/08/2004,"Botafogo","Criciúma",E
28/08/2004,"Grêmio","Goiás",E
28/08/2004,"Paraná","Juventude",D
28/08/2004,"Paysandu","Internacional",V
28/08/2004,"SãoPaulo","Guarani",E
29/08/2004,"Coritiba","AtléticoPR",D
29/08/2004,"Cruzeiro","Santos",E
29/08/2004,"Figueirense","Vitória",V
29/08/2004,"Palmeiras","Corinthians",D
29/08/2004,"PontePreta","AtléticoMG",E
29/08/2004,"SãoCaetano","Flamengo",D
29/08/2004,"Vasco","Fluminense",E
01/09/2004,"Criciúma","SãoCaetano",D
01/09/2004,"Figueirense","Goiás",V
01/09/2004,"Fluminense","Internacional",V
01/09/2004,"Juventude","Santos",D
01/09/2004,"PontePreta","Palmeiras",E
01/09/2004,"SãoPaulo","Coritiba",D
01/09/2004,"Corinthians","AtléticoMG",V
01/09/2004,"Cruzeiro","Paraná",D
02/09/2004,"Paysandu","Botafogo",V
02/09/2004,"Grêmio","Vasco",D
02/09/2004,"AtléticoPR","Guarani",V
02/09/2004,"Flamengo","Vitória",V
07/09/2004,"Palmeiras","Cruzeiro",D
07/09/2004,"Vasco","Paysandu",D
08/09/2004,"AtléticoMG","Juventude",E
08/09/2004,"Goiás","Criciúma",V
08/09/2004,"Guarani","Corinthians",D
08/09/2004,"Internacional","Flamengo",E
08/09/2004,"Paraná","SãoPaulo",D
08/09/2004,"Santos","AtléticoPR",E
08/09/2004,"SãoCaetano","Figueirense",V
09/09/2004,"Botafogo","Grêmio",V
09/09/2004,"Coritiba","PontePreta",V
09/09/2004,"Vitória","Fluminense",D
11/09/2004,"Goiás","Internacional",V
11/09/2004,"Guarani","Juventude",V
11/09/2004,"SãoPaulo","Cruzeiro",E
11/09/2004,"Vasco","SãoCaetano",D
12/09/2004,"AtléticoMG","Coritiba",V
12/09/2004,"AtléticoPR","Corinthians",V
12/09/2004,"Figueirense","Botafogo",V
12/09/2004,"Fluminense","Flamengo",V
12/09/2004,"Grêmio","Paysandu",E
12/09/2004,"Palmeiras","Santos",D
12/09/2004,"PontePreta","Paraná",D
12/09/2004,"Vitória","Criciúma",V
18/09/2004,"Criciúma","Fluminense",D
18/09/2004,"Paraná","Guarani",E
18/09/2004,"Santos","AtléticoMG",V
18/09/2004,"SãoCaetano","Grêmio",V
19/09/2004,"Botafogo","Vasco",E
19/09/2004,"Corinthians","SãoPaulo",E
19/09/2004,"Coritiba","Palmeiras",E
19/09/2004,"Cruzeiro","AtléticoPR",D
19/09/2004,"Flamengo","Goiás",V
19/09/2004,"Internacional","Vitória",V
19/09/2004,"Juventude","PontePreta",D
19/09/2004,"Paysandu","Figueirense",V
24/09/2004,"Figueirense","PontePreta",D
25/09/2004,"AtléticoMG","Internacional",E
25/09/2004,"Grêmio","SãoPaulo",V
25/09/2004,"Guarani","Fluminense",E
25/09/2004,"Paysandu","Cruzeiro",V
25/09/2004,"SãoCaetano","Coritiba",V
26/09/2004,"AtléticoPR","Flamengo",V
26/09/2004,"Botafogo","Paraná",V
26/09/2004,"Corinthians","Goiás",V
26/09/2004,"Juventude","Criciúma",V
26/09/2004,"Santos","Vitória",V
26/09/2004,"Vasco","Palmeiras",D
28/09/2004,"Coritiba","Grêmio",V
28/09/2004,"Cruzeiro","Figueirense",E
28/09/2004,"Fluminense","AtléticoMG",E
28/09/2004,"SãoPaulo","Paysandu",V
29/09/2004,"Criciúma","Guarani",E
29/09/2004,"Flamengo","Corinthians",E
29/09/2004,"Goiás","Juventude",D
29/09/2004,"Internacional","Santos",V
29/09/2004,"Palmeiras","SãoCaetano",V
29/09/2004,"Paraná","Vasco",V
29/09/2004,"PontePreta","Botafogo",E
29/09/2004,"Vitória","AtléticoPR",D
02/10/2004,"AtléticoPR","AtléticoMG",V
02/10/2004,"Corinthians","Juventude",D
02/10/2004,"Cruzeiro","PontePreta",V
02/10/2004,"Figueirense","Flamengo",V
02/10/2004,"Fluminense","Botafogo",D
02/10/2004,"Grêmio","Criciúma",V
02/10/2004,"Guarani","Santos",D
02/10/2004,"Paraná","Coritiba",V
02/10/2004,"SãoCaetano","Goiás",V
02/10/2004,"SãoPaulo","Palmeiras",V
02/10/2004,"Vasco","Internacional",V
02/10/2004,"Vitória","Paysandu",V
06/10/2004,"Coritiba","Cruzeiro",E
06/10/2004,"Criciúma","Internacional",V
06/10/2004,"Goiás","Vitória",V
06/10/2004,"Grêmio","Fluminense",D
06/10/2004,"PontePreta","SãoPaulo",D
06/10/2004,"Santos","Corinthians",E
06/10/2004,"Vasco","Figueirense",V
07/10/2004,"AtléticoMG","Guarani",V
07/10/2004,"Botafogo","SãoCaetano",E
07/10/2004,"Juventude","AtléticoPR",E
07/10/2004,"Palmeiras","Paraná",E
07/10/2004,"Paysandu","Flamengo",E
16/10/2004,"Corinthians","Coritiba",E
16/10/2004,"Figueirense","Grêmio",V
16/10/2004,"Vitória","Vasco",V
16/10/2004,"Santos","PontePreta",V
16/10/2004,"Fluminense","Goiás",D
17/10/2004,"AtléticoMG","SãoPaulo",D
17/10/2004,"AtléticoPR","Paraná",E
17/10/2004,"Flamengo","Criciúma",V
17/10/2004,"Guarani","Cruzeiro",V
17/10/2004,"Internacional","Botafogo",V
17/10/2004,"Juventude","Palmeiras",D
17/10/2004,"SãoCaetano","Paysandu",V
23/10/2004,"Botafogo","Vitória",E
23/10/2004,"Coritiba","Juventude",D
23/10/2004,"Cruzeiro","AtléticoMG",D
23/10/2004,"Grêmio","Internacional",D
23/10/2004,"Palmeiras","AtléticoPR",V
23/10/2004,"Paysandu","Goiás",V
24/10/2004,"Criciúma","Figueirense",V
24/10/2004,"Guarani","PontePreta",E
24/10/2004,"Paraná","Corinthians",D
24/10/2004,"SãoCaetano","Fluminense",V
24/10/2004,"SãoPaulo","Santos",V
24/10/2004,"Vasco","Flamengo",V
26/10/2004,"Cruzeiro","Grêmio",V
26/10/2004,"Goiás","AtléticoPR",V
26/10/2004,"Palmeiras","Botafogo",V
26/10/2004,"Vitória","AtléticoMG",V
27/10/2004,"Coritiba","Vasco",D
27/10/2004,"Criciúma","Corinthians",E
27/10/2004,"Flamengo","Santos",E
27/10/2004,"Fluminense","Juventude",V
27/10/2004,"Internacional","Guarani",D
27/10/2004,"Paraná","Figueirense",V
27/10/2004,"PontePreta","Paysandu",V
30/10/2004,"AtléticoMG","Criciúma",E
30/10/2004,"AtléticoPR","Internacional",V
30/10/2004,"Botafogo","Cruzeiro",V
30/10/2004,"Corinthians","Vitória",V
30/10/2004,"Figueirense","SãoPaulo",V
30/10/2004,"Grêmio","Palmeiras",D
30/10/2004,"Guarani","Goiás",E
30/10/2004,"Juventude","Flamengo",V
30/10/2004,"Paysandu","Coritiba",E
30/10/2004,"Santos","Fluminense",V
31/10/2004,"Vasco","PontePreta",E
03/11/2004,"SãoPaulo","SãoCaetano",V
06/11/2004,"Flamengo","Guarani",V
06/11/2004,"Goiás","AtléticoMG",V
06/11/2004,"Palmeiras","Paysandu",V
06/11/2004,"Paraná","Grêmio",V
07/11/2004,"Coritiba","Figueirense",V
07/11/2004,"Criciúma","Santos",E
07/11/2004,"Cruzeiro","Vasco",V
07/11/2004,"Fluminense","AtléticoPR",D
07/11/2004,"Internacional","Corinthians",V
07/11/2004,"PontePreta","SãoCaetano",D
07/11/2004,"SãoPaulo","Botafogo",V
07/11/2004,"Vitória","Juventude",E
10/11/2004,"SãoCaetano","Paraná",V
13/11/2004,"Botafogo","Coritiba",V
13/11/2004,"SãoCaetano","Cruzeiro",V
13/11/2004,"Grêmio","PontePreta",V
13/11/2004,"Corinthians","Fluminense",E
14/11/2004,"AtléticoMG","Flamengo",V
14/11/2004,"AtléticoPR","Criciúma",V
14/11/2004,"Figueirense","Palmeiras",D
14/11/2004,"Guarani","Vitória",E
14/11/2004,"Juventude","Internacional",D
14/11/2004,"Paysandu","Paraná",E
14/11/2004,"Santos","Goiás",V
14/11/2004,"Vasco","SãoPaulo",E
20/11/2004,"Fluminense","Figueirense",D
20/11/2004,"Palmeiras","Guarani",D
20/11/2004,"Paraná","AtléticoMG",V
20/11/2004,"Vitória","Grêmio",V
21/11/2004,"Coritiba","Santos",D
21/11/2004,"Criciúma","Paysandu",V
21/11/2004,"Cruzeiro","Corinthians",D
21/11/2004,"Flamengo","Botafogo",E
21/11/2004,"Goiás","Vasco",V
21/11/2004,"Internacional","SãoCaetano",V
21/11/2004,"PontePreta","AtléticoPR",D
21/11/2004,"SãoPaulo","Juventude",V
27/11/2004,"Botafogo","Guarani",V
27/11/2004,"Cruzeiro","Fluminense",D
27/11/2004,"Figueirense","AtléticoMG",V
27/11/2004,"Paraná","Goiás",V
27/11/2004,"SãoPaulo","Internacional",V
28/11/2004,"Coritiba","Vitória",V
28/11/2004,"Grêmio","AtléticoPR",E
28/11/2004,"Palmeiras","Flamengo",D
28/11/2004,"Paysandu","Santos",E
28/11/2004,"PontePreta","Criciúma",V
28/11/2004,"SãoCaetano","Corinthians",V
28/11/2004,"Vasco","Juventude",E
04/12/2004,"Criciúma","Paraná",D
04/12/2004,"Fluminense","PontePreta",V
04/12/2004,"Goiás","Palmeiras",E
04/12/2004,"Guarani","Figueirense",V
04/12/2004,"AtléticoMG","Paysandu",E
04/12/2004,"Corinthians","Vasco",V
05/12/2004,"Internacional","Cruzeiro",V
05/12/2004,"Flamengo","Coritiba",E
05/12/2004,"Vitória","SãoPaulo",D
05/12/2004,"Santos","Grêmio",V
05/12/2004,"AtléticoPR","SãoCaetano",V
05/12/2004,"Juventude","Botafogo",V
11/12/2004,"Grêmio","AtléticoMG",D
11/12/2004,"Paysandu","Guarani",V
11/12/2004,"Palmeiras","Criciúma",V
11/12/2004,"Paraná","Fluminense",D
12/12/2004,"Figueirense","Juventude",V
12/12/2004,"Vasco","AtléticoPR",V
12/12/2004,"Botafogo","Corinthians",D
12/12/2004,"SãoCaetano","Santos",D
12/12/2004,"PontePreta","Internacional",D
12/12/2004,"Cruzeiro","Vitória",V
12/12/2004,"SãoPaulo","Flamengo",E
12/12/2004,"Coritiba","Goiás",V
19/12/2004,"Criciúma","Coritiba",E
19/12/2004,"Internacional","Paraná",V
19/12/2004,"Flamengo","Cruzeiro",V
19/12/2004,"Fluminense","Palmeiras",E
19/12/2004,"Vitória","PontePreta",D
19/12/2004,"Goiás","SãoPaulo",V
19/12/2004,"Guarani","Grêmio",V
19/12/2004,"AtléticoMG","SãoCaetano",V
19/12/2004,"Santos","Vasco",V
19/12/2004,"AtléticoPR","Botafogo",E
19/12/2004,"Corinthians","Figueirense",V
23/04/2005,"SãoCaetano","Palmeiras",E
23/04/2005,"Paraná","Goiás",D
23/04/2005,"Flamengo","Cruzeiro",E
23/04/2005,"AtléticoMG","Figueirense",V
24/04/2005,"Corinthians","Juventude",E
24/04/2005,"Santos","Paysandu",V
24/04/2005,"AtléticoPR","PontePreta",D
24/04/2005,"Internacional","Botafogo",D
24/04/2005,"Fortaleza","Coritiba",D
24/04/2005,"Fluminense","SãoPaulo",V
24/04/2005,"Brasiliense","Vasco",E
30/04/2005,"SãoPaulo","Paraná",E
30/04/2005,"PontePreta","AtléticoMG",E
30/04/2005,"Palmeiras","Brasiliense",V
30/04/2005,"Vasco","Fortaleza",E
30/04/2005,"Goiás","SãoCaetano",E
01/05/2005,"Coritiba","Santos",D
01/05/2005,"Juventude","AtléticoPR",V
01/05/2005,"Figueirense","Flamengo",D
01/05/2005,"Paysandu","Fluminense",D
01/05/2005,"Botafogo","Corinthians",V
01/05/2005,"Cruzeiro","Internacional",V
07/05/2005,"Santos","AtléticoPR",V
07/05/2005,"Goiás","Figueirense",E
07/05/2005,"Paraná","Juventude",E
07/05/2005,"PontePreta","Paysandu",V
08/05/2005,"Corinthians","SãoPaulo",D
08/05/2005,"Coritiba","Palmeiras",V
08/05/2005,"SãoCaetano","Fortaleza",V
08/05/2005,"AtléticoMG","Brasiliense",D
08/05/2005,"Internacional","Flamengo",V
08/05/2005,"Vasco","Botafogo",D
08/05/2005,"Fluminense","Cruzeiro",V
14/05/2005,"SãoPaulo","Coritiba",V
14/05/2005,"Fortaleza","PontePreta",V
14/05/2005,"Figueirense","Internacional",D
14/05/2005,"Botafogo","AtléticoMG",V
15/05/2005,"AtléticoPR","Corinthians",D
15/05/2005,"Juventude","Vasco",V
15/05/2005,"Paysandu","SãoCaetano",V
15/05/2005,"Flamengo","Santos",V
15/05/2005,"Cruzeiro","Goiás",V
15/05/2005,"Palmeiras","Paraná",D
15/05/2005,"Brasiliense","Fluminense",D
21/05/2005,"Juventude","Paysandu",V
21/05/2005,"Paraná","PontePreta",E
21/05/2005,"Fortaleza","Brasiliense",V
21/05/2005,"Fluminense","Coritiba",D
21/05/2005,"Goiás","Botafogo",V
22/05/2005,"Corinthians","Figueirense",V
22/05/2005,"SãoCaetano","Flamengo",V
22/05/2005,"Santos","AtléticoMG",V
22/05/2005,"AtléticoPR","Internacional",D
22/05/2005,"Vasco","SãoPaulo",V
22/05/2005,"Cruzeiro","Palmeiras",V
28/05/2005,"SãoPaulo","Cruzeiro",E
28/05/2005,"Paysandu","Goiás",V
28/05/2005,"Figueirense","SãoCaetano",V
29/05/2005,"Coritiba","Juventude",D
29/05/2005,"AtléticoMG","Corinthians",D
29/05/2005,"Internacional","Fortaleza",V
29/05/2005,"PontePreta","Vasco",V
29/05/2005,"Flamengo","Fluminense",E
29/05/2005,"Botafogo","AtléticoPR",V
29/05/2005,"Palmeiras","Santos",V
29/05/2005,"Brasiliense","Paraná",V
11/06/2005,"SãoCaetano","Brasiliense",V
11/06/2005,"AtléticoPR","Figueirense",E
11/06/2005,"Paraná","Fortaleza",V
11/06/2005,"Cruzeiro","PontePreta",D
11/06/2005,"Botafogo","Juventude",V
11/06/2005,"Goiás","Palmeiras",V
12/06/2005,"Corinthians","Flamengo",V
12/06/2005,"Santos","Fluminense",E
12/06/2005,"Internacional","AtléticoMG",E
12/06/2005,"Paysandu","SãoPaulo",E
12/06/2005,"Vasco","Coritiba",E
18/06/2005,"AtléticoMG","SãoCaetano",D
18/06/2005,"Figueirense","Paysandu",E
18/06/2005,"Palmeiras","Vasco",V
18/06/2005,"Brasiliense","Corinthians",D
18/06/2005,"PontePreta","Goiás",V
18/06/2005,"Flamengo","AtléticoPR",E
19/06/2005,"Coritiba","Paraná",V
19/06/2005,"SãoPaulo","Botafogo",V
19/06/2005,"Juventude","Cruzeiro",E
19/06/2005,"Fortaleza","Santos",E
19/06/2005,"Fluminense","Internacional",V
25/06/2005,"SãoPaulo","Internacional",D
25/06/2005,"Juventude","PontePreta",D
25/06/2005,"Paraná","AtléticoMG",V
25/06/2005,"Flamengo","Brasiliense",D
26/06/2005,"Corinthians","Fluminense",D
26/06/2005,"SãoCaetano","Santos",D
26/06/2005,"AtléticoPR","Fortaleza",E
26/06/2005,"Paysandu","Palmeiras",V
26/06/2005,"Botafogo","Figueirense",D
26/06/2005,"Cruzeiro","Vasco",E
26/06/2005,"Goiás","Coritiba",V
02/07/2005,"Coritiba","Paysandu",V
02/07/2005,"PontePreta","SãoPaulo",V
02/07/2005,"Vasco","Goiás",D
02/07/2005,"Fluminense","Paraná",D
03/07/2005,"Santos","Juventude",E
03/07/2005,"AtléticoMG","Flamengo",V
03/07/2005,"Internacional","SãoCaetano",V
03/07/2005,"Figueirense","Cruzeiro",E
03/07/2005,"Fortaleza","Corinthians",V
03/07/2005,"Palmeiras","Botafogo",V
03/07/2005,"Brasiliense","AtléticoPR",V
09/07/2005,"SãoCaetano","PontePreta",V
09/07/2005,"SãoPaulo","Flamengo",V
09/07/2005,"Juventude","Brasiliense",V
09/07/2005,"Paraná","Figueirense",V
09/07/2005,"Paysandu","Fortaleza",D
10/07/2005,"Corinthians","Palmeiras",V
10/07/2005,"AtléticoPR","Coritiba",V
10/07/2005,"Vasco","Internacional",D
10/07/2005,"Botafogo","Fluminense",D
10/07/2005,"Cruzeiro","AtléticoMG",V
10/07/2005,"Goiás","Santos",D
16/07/2005,"PontePreta","Figueirense",V
16/07/2005,"Paysandu","Cruzeiro",D
16/07/2005,"Goiás","Brasiliense",D
16/07/2005,"Paraná","Corinthians",D
16/07/2005,"Fluminense","SãoCaetano",D
17/07/2005,"Coritiba","Botafogo",D
17/07/2005,"Santos","SãoPaulo",V
17/07/2005,"AtléticoMG","AtléticoPR",D
17/07/2005,"Internacional","Juventude",V
17/07/2005,"Flamengo","Vasco",V
17/07/2005,"Palmeiras","Fortaleza",D
20/07/2005,"SãoCaetano","Paraná",E
20/07/2005,"Santos","Vasco",D
20/07/2005,"AtléticoPR","Fluminense",V
20/07/2005,"Internacional","Goiás",D
20/07/2005,"Figueirense","Palmeiras",D
20/07/2005,"Fortaleza","AtléticoMG",D
20/07/2005,"Botafogo","PontePreta",V
20/07/2005,"Brasiliense","SãoPaulo",E
21/07/2005,"Corinthians","Paysandu",V
21/07/2005,"Cruzeiro","Coritiba",E
21/07/2005,"Flamengo","Juventude",D
22/07/2005,"SãoPaulo","SãoCaetano",D
22/07/2005,"Paraná","AtléticoPR",V
22/07/2005,"Goiás","Fortaleza",V
22/07/2005,"Botafogo","Brasiliense",E
24/07/2005,"Coritiba","Flamengo",V
24/07/2005,"Juventude","Figueirense",D
24/07/2005,"PontePreta","Fluminense",V
24/07/2005,"Paysandu","Internacional",D
24/07/2005,"Vasco","Corinthians",D
24/07/2005,"Cruzeiro","Santos",V
24/07/2005,"Palmeiras","AtléticoMG",V
27/07/2005,"Corinthians","Cruzeiro",V
27/07/2005,"SãoCaetano","Botafogo",D
27/07/2005,"Santos","PontePreta",D
27/07/2005,"AtléticoMG","SãoPaulo",E
27/07/2005,"AtléticoPR","Vasco",V
27/07/2005,"Fortaleza","Juventude",V
27/07/2005,"Fluminense","Goiás",E
28/07/2005,"Internacional","Paraná",D
28/07/2005,"Figueirense","Coritiba",E
28/07/2005,"Flamengo","Palmeiras",E
28/07/2005,"Brasiliense","Paysandu",E
30/07/2005,"Vasco","SãoCaetano",V
30/07/2005,"Cruzeiro","Fortaleza",V
30/07/2005,"Goiás","AtléticoMG",V
31/07/2005,"Coritiba","Brasiliense",E
31/07/2005,"Santos","Corinthians",V
31/07/2005,"Juventude","SãoPaulo",V
31/07/2005,"Figueirense","Fluminense",E
31/07/2005,"PontePreta","Internacional",E
31/07/2005,"Paysandu","Paraná",D
31/07/2005,"Botafogo","Flamengo",D
31/07/2005,"Palmeiras","AtléticoPR",E
03/08/2005,"Corinthians","Coritiba",V
03/08/2005,"SãoCaetano","Juventude",E
03/08/2005,"AtléticoMG","Paysandu",E
03/08/2005,"AtléticoPR","Goiás",V
03/08/2005,"Internacional","Santos",D
03/08/2005,"Paraná","Botafogo",V
03/08/2005,"Flamengo","PontePreta",V
03/08/2005,"Brasiliense","Cruzeiro",D
04/08/2005,"SãoPaulo","Palmeiras",E
04/08/2005,"Fortaleza","Figueirense",V
04/08/2005,"Fluminense","Vasco",V
06/08/2005,"Corinthians","SãoCaetano",D
06/08/2005,"AtléticoPR","Cruzeiro",V
06/08/2005,"Botafogo","Paysandu",V
07/08/2005,"SãoPaulo","Goiás",D
07/08/2005,"AtléticoMG","Fluminense",D
07/08/2005,"Juventude","Palmeiras",D
07/08/2005,"Paraná","Santos",E
07/08/2005,"PontePreta","Coritiba",D
07/08/2005,"Fortaleza","Flamengo",V
07/08/2005,"Vasco","Figueirense",V
07/08/2005,"Brasiliense","Internacional",E
10/08/2005,"Coritiba","AtléticoMG",V
10/08/2005,"SãoCaetano","AtléticoPR",V
10/08/2005,"Internacional","Corinthians",E
10/08/2005,"Figueirense","SãoPaulo",V
10/08/2005,"Paysandu","Vasco",D
10/08/2005,"Cruzeiro","Botafogo",V
10/08/2005,"Palmeiras","PontePreta",V
11/08/2005,"Santos","Brasiliense",E
11/08/2005,"Fluminense","Fortaleza",V
11/08/2005,"Flamengo","Paraná",E
11/08/2005,"Goiás","Juventude",V
13/08/2005,"Coritiba","SãoCaetano",E
13/08/2005,"Palmeiras","Internacional",V
13/08/2005,"Paysandu","AtléticoPR",V
14/08/2005,"SãoPaulo","Fortaleza",V
14/08/2005,"Juventude","Fluminense",V
14/08/2005,"Figueirense","Brasiliense",E
14/08/2005,"PontePreta","Corinthians",D
14/08/2005,"Vasco","AtléticoMG",V
14/08/2005,"Botafogo","Santos",E
14/08/2005,"Cruzeiro","Paraná",D
14/08/2005,"Goiás","Flamengo",V
20/08/2005,"SãoCaetano","Cruzeiro",D
20/08/2005,"AtléticoMG","Juventude",V
20/08/2005,"AtléticoPR","SãoPaulo",V
21/08/2005,"Corinthians","Goiás",E
21/08/2005,"Santos","Figueirense",V
21/08/2005,"Internacional","Coritiba",V
21/08/2005,"Paraná","Vasco",E
21/08/2005,"Fortaleza","Botafogo",V
21/08/2005,"Flamengo","Paysandu",V
21/08/2005,"Fluminense","Palmeiras",E
21/08/2005,"Brasiliense","PontePreta",V
24/08/2005,"SãoPaulo","Fluminense",E
24/08/2005,"Juventude","Corinthians",V
24/08/2005,"PontePreta","AtléticoPR",D
24/08/2005,"Paysandu","Santos",D
24/08/2005,"Vasco","Brasiliense",V
24/08/2005,"Cruzeiro","Flamengo",E
24/08/2005,"Palmeiras","SãoCaetano",V
24/08/2005,"Goiás","Paraná",E
25/08/2005,"Coritiba","Fortaleza",V
25/08/2005,"Figueirense","AtléticoMG",D
25/08/2005,"Botafogo","Internacional",D
27/08/2005,"SãoCaetano","Goiás",D
27/08/2005,"AtléticoPR","Juventude",E
27/08/2005,"Brasiliense","Palmeiras",V
28/08/2005,"Corinthians","Botafogo",E
28/08/2005,"Santos","Coritiba",V
28/08/2005,"AtléticoMG","PontePreta",V
28/08/2005,"Internacional","Cruzeiro",V
28/08/2005,"Paraná","SãoPaulo",D
28/08/2005,"Fortaleza","Vasco",V
28/08/2005,"Flamengo","Figueirense",E
28/08/2005,"Fluminense","Paysandu",V
07/09/2005,"AtléticoPR","Santos",E
07/09/2005,"Botafogo","Vasco",E
07/09/2005,"Brasiliense","AtléticoMG",D
07/09/2005,"Cruzeiro","Fluminense",D
07/09/2005,"Figueirense","Goiás",V
07/09/2005,"Fortaleza","SãoCaetano",V
07/09/2005,"Juventude","Paraná",V
07/09/2005,"Paysandu","PontePreta",E
07/09/2005,"SãoPaulo","Corinthians",V
08/09/2005,"Flamengo","Internacional",E
08/09/2005,"Palmeiras","Coritiba",E
10/09/2005,"SãoCaetano","Paysandu",D
10/09/2005,"Fluminense","Brasiliense",V
10/09/2005,"Goiás","Cruzeiro",V
11/09/2005,"AtléticoMG","Botafogo",D
11/09/2005,"Corinthians","AtléticoPR",V
11/09/2005,"Coritiba","SãoPaulo",D
11/09/2005,"Internacional","Figueirense",V
11/09/2005,"Paraná","Palmeiras",D
11/09/2005,"PontePreta","Fortaleza",V
11/09/2005,"Santos","Flamengo",E
11/09/2005,"Vasco","Juventude",V
17/09/2005,"Flamengo","SãoCaetano",V
17/09/2005,"Palmeiras","Cruzeiro",V
17/09/2005,"Paysandu","Juventude",V
17/09/2005,"PontePreta","Paraná",V
18/09/2005,"AtléticoMG","Santos",V
18/09/2005,"Botafogo","Goiás",V
18/09/2005,"Brasiliense","Fortaleza",D
18/09/2005,"Coritiba","Fluminense",E
18/09/2005,"Figueirense","Corinthians",D
18/09/2005,"Internacional","AtléticoPR",V
18/09/2005,"SãoPaulo","Vasco",V
21/09/2005,"Cruzeiro","SãoPaulo",D
21/09/2005,"Fluminense","Flamengo",E
21/09/2005,"Fortaleza","Internacional",D
21/09/2005,"Goiás","Paysandu",V
21/09/2005,"Paraná","Brasiliense",V
21/09/2005,"Santos","Palmeiras",V
21/09/2005,"SãoCaetano","Figueirense",D
22/09/2005,"AtléticoPR","Botafogo",V
22/09/2005,"Corinthians","AtléticoMG",E
22/09/2005,"Juventude","Coritiba",E
22/09/2005,"Vasco","PontePreta",E
24/09/2005,"Fortaleza","Paraná",E
24/09/2005,"Brasiliense","SãoCaetano",E
24/09/2005,"SãoPaulo","Paysandu",V
25/09/2005,"AtléticoMG","Internacional",E
25/09/2005,"Coritiba","Vasco",V
25/09/2005,"Figueirense","AtléticoPR",V
25/09/2005,"Flamengo","Corinthians",D
25/09/2005,"Fluminense","Santos",V
25/09/2005,"Juventude","Botafogo",E
25/09/2005,"Palmeiras","Goiás",V
25/09/2005,"PontePreta","Cruzeiro",D
01/10/2005,"Cruzeiro","Juventude",V
01/10/2005,"Goiás","PontePreta",V
01/10/2005,"Paraná","Coritiba",V
01/10/2005,"Paysandu","Figueirense",V
01/10/2005,"Santos","Fortaleza",E
01/10/2005,"SãoCaetano","AtléticoMG",V
02/10/2005,"AtléticoPR","Flamengo",V
02/10/2005,"Botafogo","SãoPaulo",E
02/10/2005,"Corinthians","Brasiliense",V
02/10/2005,"Internacional","Fluminense",E
02/10/2005,"Vasco","Palmeiras",E
04/10/2005,"AtléticoMG","Paraná",D
04/10/2005,"Coritiba","Goiás",D
04/10/2005,"PontePreta","Juventude",V
04/10/2005,"Santos","SãoCaetano",V
05/10/2005,"Brasiliense","Flamengo",D
05/10/2005,"Figueirense","Botafogo",V
05/10/2005,"Fluminense","Corinthians",D
05/10/2005,"Fortaleza","AtléticoPR",D
05/10/2005,"Internacional","SãoPaulo",V
05/10/2005,"Palmeiras","Paysandu",V
05/10/2005,"Vasco","Cruzeiro",E
08/10/2005,"Botafogo","Palmeiras",D
08/10/2005,"Corinthians","Fortaleza",V
08/10/2005,"Cruzeiro","Figueirense",V
08/10/2005,"Goiás","Vasco",V
08/10/2005,"Juventude","Santos",V
08/10/2005,"Paraná","Fluminense",V
11/10/2005,"AtléticoPR","Brasiliense",V
11/10/2005,"Flamengo","AtléticoMG",D
11/10/2005,"Paysandu","Coritiba",V
11/10/2005,"SãoCaetano","Internacional",E
11/10/2005,"SãoPaulo","PontePreta",V
12/10/2005,"Cruzeiro","Botafogo",E
12/10/2005,"Juventude","Fluminense",D
12/10/2005,"Vasco","Figueirense",E
13/10/2005,"Santos","Corinthians",D
15/10/2005,"Brasiliense","Juventude",V
15/10/2005,"Coritiba","AtléticoPR",D
15/10/2005,"Figueirense","Paraná",V
15/10/2005,"Fluminense","Botafogo",V
15/10/2005,"Fortaleza","Paysandu",D
16/10/2005,"AtléticoMG","Cruzeiro",D
16/10/2005,"Flamengo","SãoPaulo",D
16/10/2005,"Internacional","Vasco",V
16/10/2005,"Palmeiras","Corinthians",E
16/10/2005,"PontePreta","SãoCaetano",D
16/10/2005,"Santos","Goiás",E
19/10/2005,"Juventude","Figueirense",E
19/10/2005,"Paysandu","Cruzeiro",V
19/10/2005,"PontePreta","SãoPaulo",V
19/10/2005,"Vasco","Botafogo",V
21/10/2005,"Brasiliense","Goiás",D
21/10/2005,"SãoCaetano","Fluminense",E
22/10/2005,"AtléticoPR","AtléticoMG",V
22/10/2005,"Botafogo","Coritiba",V
22/10/2005,"Corinthians","Paraná",V
22/10/2005,"Cruzeiro","Paysandu",V
22/10/2005,"Figueirense","PontePreta",V
22/10/2005,"Fortaleza","Palmeiras",E
22/10/2005,"Juventude","Internacional",V
22/10/2005,"SãoPaulo","Santos",D
22/10/2005,"Vasco","Flamengo",V
24/10/2005,"Fluminense","Brasiliense",E
24/10/2005,"SãoPaulo","Corinthians",E
25/10/2005,"Coritiba","Cruzeiro",D
25/10/2005,"Goiás","Internacional",D
26/10/2005,"AtléticoMG","Fortaleza",D
26/10/2005,"Juventude","Flamengo",E
26/10/2005,"Palmeiras","Figueirense",E
26/10/2005,"Vasco","Santos",D
27/10/2005,"Fluminense","AtléticoPR",V
27/10/2005,"Paysandu","Corinthians",D
27/10/2005,"PontePreta","Botafogo",D
27/10/2005,"SãoPaulo","Brasiliense",D
28/10/2005,"Internacional","Coritiba",V
28/10/2005,"Paraná","SãoCaetano",D
29/10/2005,"Figueirense","Juventude",V
29/10/2005,"Fortaleza","Goiás",E
30/10/2005,"AtléticoMG","Palmeiras",D
30/10/2005,"AtléticoPR","Paraná",V
30/10/2005,"Brasiliense","Botafogo",E
30/10/2005,"Corinthians","Vasco",E
30/10/2005,"Fluminense","PontePreta",V
30/10/2005,"Santos","Cruzeiro",D
30/10/2005,"SãoCaetano","SãoPaulo",D
31/10/2005,"Flamengo","Coritiba",V
31/10/2005,"Internacional","Paysandu",V
02/11/2005,"Cruzeiro","Corinthians",V
02/11/2005,"Goiás","Fluminense",D
02/11/2005,"Juventude","Fortaleza",V
02/11/2005,"PontePreta","Santos",V
02/11/2005,"SãoPaulo","AtléticoMG",E
03/11/2005,"Botafogo","SãoCaetano",V
03/11/2005,"Coritiba","Figueirense",V
03/11/2005,"Palmeiras","Flamengo",D
03/11/2005,"Paraná","Internacional",V
03/11/2005,"Paysandu","Brasiliense",V
03/11/2005,"Vasco","AtléticoPR",V
05/11/2005,"Fortaleza","Cruzeiro",V
05/11/2005,"SãoPaulo","Juventude",V
06/11/2005,"AtléticoMG","Goiás",D
06/11/2005,"AtléticoPR","Palmeiras",V
06/11/2005,"Brasiliense","Coritiba",E
06/11/2005,"Corinthians","Santos",V
06/11/2005,"Flamengo","Botafogo",V
06/11/2005,"Fluminense","Figueirense",V
06/11/2005,"Internacional","PontePreta",V
06/11/2005,"Paraná","Paysandu",V
06/11/2005,"SãoCaetano","Vasco",D
12/11/2005,"Palmeiras","SãoPaulo",V
12/11/2005,"Botafogo","Paraná",V
12/11/2005,"Figueirense","Fortaleza",V
12/11/2005,"Paysandu","AtléticoMG",D
13/11/2005,"Juventude","SãoCaetano",V
13/11/2005,"Santos","Internacional",D
13/11/2005,"Vasco","Fluminense",V
13/11/2005,"PontePreta","Flamengo",E
13/11/2005,"Coritiba","Corinthians",D
13/11/2005,"Cruzeiro","Brasiliense",V
13/11/2005,"Goiás","AtléticoPR",V
16/11/2005,"Figueirense","Vasco",V
16/11/2005,"Goiás","SãoPaulo",V
16/11/2005,"Santos","Paraná",E
16/11/2005,"Palmeiras","Juventude",V
16/11/2005,"Flamengo","Fortaleza",V
16/11/2005,"SãoCaetano","Corinthians",V
16/11/2005,"Internacional","Brasiliense",V
17/11/2005,"Coritiba","PontePreta",V
17/11/2005,"Paysandu","Botafogo",V
17/11/2005,"Cruzeiro","AtléticoPR",D
17/11/2005,"Fluminense","AtléticoMG",D
19/11/2005,"Brasiliense","Santos",V
19/11/2005,"Juventude","Goiás",V
19/11/2005,"SãoPaulo","Figueirense",V
20/11/2005,"AtléticoPR","SãoCaetano",E
20/11/2005,"Vasco","Paysandu",V
20/11/2005,"PontePreta","Palmeiras",D
20/11/2005,"Corinthians","Internacional",E
20/11/2005,"Fortaleza","Fluminense",V
20/11/2005,"Paraná","Flamengo",D
20/11/2005,"Botafogo","Cruzeiro",V
20/11/2005,"AtléticoMG","Coritiba",V
27/11/2005,"AtléticoMG","Vasco",E
27/11/2005,"AtléticoPR","Paysandu",V
27/11/2005,"Brasiliense","Figueirense",D
27/11/2005,"Corinthians","PontePreta",V
27/11/2005,"Flamengo","Goiás",E
27/11/2005,"Fluminense","Juventude",D
27/11/2005,"Fortaleza","SãoPaulo",V
27/11/2005,"Internacional","Palmeiras",V
27/11/2005,"Paraná","Cruzeiro",V
27/11/2005,"Santos","Botafogo",V
27/11/2005,"SãoCaetano","Coritiba",E
04/12/2005,"SãoPaulo","AtléticoPR",V
04/12/2005,"Juventude","AtléticoMG",D
04/12/2005,"Figueirense","Santos",V
04/12/2005,"PontePreta","Brasiliense",V
04/12/2005,"Paysandu","Flamengo",D
04/12/2005,"Vasco","Paraná",V
04/12/2005,"Coritiba","Internacional",V
04/12/2005,"Botafogo","Fortaleza",V
04/12/2005,"Cruzeiro","SãoCaetano",D
04/12/2005,"Palmeiras","Fluminense",V
15/04/2006,"Juventude","Paraná",V
15/04/2006,"Vasco","Internacional",E
16/04/2006,"Palmeiras","PontePreta",D
16/04/2006,"AtléticoPR","Fluminense",D
16/04/2006,"Botafogo","Fortaleza",V
16/04/2006,"Goiás","Santos",E
16/04/2006,"Grêmio","Corinthians",V
16/04/2006,"SantaCRuz","Figueirense",E
16/04/2006,"SãoCaetano","Cruzeiro",V
16/04/2006,"SãoPaulo","Flamengo",V
22/04/2006,"Corinthians","SãoCaetano",V
22/04/2006,"Figueirense","Palmeiras",V
22/04/2006,"Fluminense","Goiás",V
23/04/2006,"Cruzeiro","Grêmio",V
23/04/2006,"Flamengo","Juventude",V
23/04/2006,"Fortaleza","SãoPaulo",V
23/04/2006,"Internacional","SantaCRuz",V
23/04/2006,"Paraná","Botafogo",E
23/04/2006,"PontePreta","Vasco",D
23/04/2006,"Santos","AtléticoPR",V
29/04/2006,"Botafogo","AtléticoPR",D
29/04/2006,"Fortaleza","SãoCaetano",V
29/04/2006,"SãoPaulo","SantaCRuz",V
30/04/2006,"Figueirense","Cruzeiro",D
30/04/2006,"Internacional","Flamengo",V
30/04/2006,"Juventude","Goiás",E
30/04/2006,"Palmeiras","Santos",D
30/04/2006,"Paraná","Grêmio",V
30/04/2006,"PontePreta","Corinthians",V
30/04/2006,"Vasco","Fluminense",E
06/05/2006,"Fluminense","Paraná",V
06/05/2006,"SantaCRuz","PontePreta",E
06/05/2006,"Santos","Fortaleza",V
07/05/2006,"Goiás","Figueirense",V
07/05/2006,"AtléticoPR","Internacional",D
07/05/2006,"Corinthians","SãoPaulo",D
07/05/2006,"Cruzeiro","Juventude",V
07/05/2006,"Flamengo","Botafogo",V
07/05/2006,"Grêmio","Vasco",D
07/05/2006,"SãoCaetano","Palmeiras",V
13/05/2006,"Botafogo","Grêmio",E
13/05/2006,"Santos","PontePreta",V
13/05/2006,"SãoCaetano","Juventude",D
14/05/2006,"Figueirense","Fluminense",V
14/05/2006,"Flamengo","Fortaleza",E
14/05/2006,"Goiás","Vasco",V
14/05/2006,"Internacional","SãoPaulo",V
14/05/2006,"Palmeiras","Cruzeiro",E
14/05/2006,"Paraná","Corinthians",D
14/05/2006,"SantaCRuz","AtléticoPR",D
20/05/2006,"AtléticoPR","Goiás",D
20/05/2006,"Fortaleza","Paraná",E
20/05/2006,"Internacional","Figueirense",D
20/05/2006,"SãoPaulo","SãoCaetano",V
21/05/2006,"Cruzeiro","Flamengo",V
21/05/2006,"Fluminense","Santos",V
21/05/2006,"Juventude","Botafogo",V
21/05/2006,"Palmeiras","SantaCRuz",V
21/05/2006,"PontePreta","Grêmio",E
21/05/2006,"Vasco","Corinthians",D
24/05/2006,"Cruzeiro","PontePreta",V
24/05/2006,"Flamengo","Santos",E
24/05/2006,"Fortaleza","Fluminense",D
24/05/2006,"Juventude","SantaCRuz",V
24/05/2006,"Paraná","Figueirense",E
24/05/2006,"SãoCaetano","AtléticoPR",V
24/05/2006,"SãoPaulo","Palmeiras",V
25/05/2006,"Botafogo","Vasco",V
25/05/2006,"Corinthians","Internacional",D
25/05/2006,"Grêmio","Goiás",V
27/05/2006,"AtléticoPR","Juventude",V
27/05/2006,"Figueirense","Fortaleza",E
27/05/2006,"PontePreta","Paraná",D
28/05/2006,"Fluminense","Flamengo",V
28/05/2006,"Goiás","SãoCaetano",V
28/05/2006,"Internacional","Cruzeiro",E
28/05/2006,"Palmeiras","Grêmio",D
28/05/2006,"SantaCRuz","Botafogo",E
28/05/2006,"Santos","Corinthians",V
28/05/2006,"Vasco","SãoPaulo",E
31/05/2006,"Cruzeiro","AtléticoPR",E
31/05/2006,"Flamengo","Palmeiras",V
31/05/2006,"Fortaleza","Vasco",E
31/05/2006,"Grêmio","Santos",V
31/05/2006,"Juventude","PontePreta",D
31/05/2006,"SãoCaetano","Internacional",E
31/05/2006,"SãoPaulo","Fluminense",V
31/05/2006,"Cruzeiro","AtléticoPR",E
31/05/2006,"Flamengo","Palmeiras",V
31/05/2006,"Fortaleza","Vasco",E
31/05/2006,"Grêmio","Santos",V
31/05/2006,"Juventude","PontePreta",D
31/05/2006,"SãoCaetano","Internacional",E
31/05/2006,"SãoPaulo","Fluminense",V
01/06/2006,"Botafogo","Figueirense",D
01/06/2006,"Corinthians","Goiás",D
01/06/2006,"Paraná","SantaCRuz",V
03/06/2006,"Fluminense","Internacional",D
03/06/2006,"Fortaleza","Cruzeiro",D
03/06/2006,"Grêmio","SãoCaetano",E
04/06/2006,"AtléticoPR","Palmeiras",V
04/06/2006,"Corinthians","Flamengo",D
04/06/2006,"Goiás","Paraná",D
04/06/2006,"Juventude","SãoPaulo",E
04/06/2006,"PontePreta","Figueirense",V
04/06/2006,"Santos","Botafogo",E
04/06/2006,"Vasco","SantaCRuz",V
12/07/2006,"AtléticoPR","Fortaleza",E
12/07/2006,"Cruzeiro","Corinthians",V
12/07/2006,"Figueirense","Santos",V
12/07/2006,"Fluminense","Juventude",V
12/07/2006,"Internacional","PontePreta",V
12/07/2006,"SãoCaetano","Botafogo",E
12/07/2006,"SãoPaulo","Grêmio",V
13/07/2006,"Flamengo","Paraná",D
13/07/2006,"Palmeiras","Vasco",V
13/07/2006,"SantaCRuz","Goiás",V
15/07/2006,"Botafogo","PontePreta",V
15/07/2006,"SãoPaulo","Figueirense",V
16/07/2006,"Cruzeiro","Goiás",E
16/07/2006,"Flamengo","Vasco",D
16/07/2006,"Fortaleza","SantaCRuz",D
16/07/2006,"Grêmio","Fluminense",E
16/07/2006,"Juventude","Internacional",V
16/07/2006,"Palmeiras","Corinthians",V
16/07/2006,"Paraná","AtléticoPR",V
16/07/2006,"SãoCaetano","Santos",V
22/07/2006,"Corinthians","Fortaleza",E
22/07/2006,"Figueirense","Grêmio",V
22/07/2006,"Fluminense","SãoCaetano",E
22/07/2006,"Paraná","Cruzeiro",V
23/07/2006,"Goiás","Palmeiras",D
23/07/2006,"Internacional","Botafogo",E
23/07/2006,"PontePreta","SãoPaulo",D
23/07/2006,"SantaCRuz","Flamengo",V
23/07/2006,"Santos","Juventude",V
23/07/2006,"Vasco","AtléticoPR",V
29/07/2006,"Juventude","Figueirense",V
29/07/2006,"Palmeiras","Paraná",V
29/07/2006,"SãoCaetano","PontePreta",E
30/07/2006,"AtléticoPR","Flamengo",V
30/07/2006,"Fluminense","Botafogo",E
30/07/2006,"Goiás","Fortaleza",E
30/07/2006,"Internacional","Grêmio",E
30/07/2006,"SantaCRuz","Corinthians",V
30/07/2006,"SãoPaulo","Santos",D
30/07/2006,"Vasco","Cruzeiro",V
05/08/2006,"Corinthians","AtléticoPR",V
05/08/2006,"Figueirense","SãoCaetano",E
05/08/2006,"Flamengo","Goiás",V
05/08/2006,"Grêmio","Juventude",V
06/08/2006,"Botafogo","SãoPaulo",E
06/08/2006,"Cruzeiro","SantaCRuz",E
06/08/2006,"Fortaleza","Palmeiras",E
06/08/2006,"Paraná","Vasco",V
06/08/2006,"PontePreta","Fluminense",V
06/08/2006,"Santos","Internacional",V
12/08/2006,"Corinthians","Figueirense",D
12/08/2006,"Flamengo","PontePreta",E
12/08/2006,"Juventude","Vasco",E
12/08/2006,"SãoCaetano","SantaCRuz",V
13/08/2006,"Botafogo","Palmeiras",D
13/08/2006,"Cruzeiro","Fluminense",D
13/08/2006,"Fortaleza","Internacional",D
13/08/2006,"Grêmio","AtléticoPR",V
13/08/2006,"Paraná","Santos",E
13/08/2006,"SãoPaulo","Goiás",V
16/08/2006,"Figueirense","Flamengo",E
16/08/2006,"Fluminense","Corinthians",D
16/08/2006,"Goiás","Botafogo",E
16/08/2006,"PontePreta","Fortaleza",D
16/08/2006,"SantaCRuz","Grêmio",D
16/08/2006,"Vasco","SãoCaetano",D
17/08/2006,"Santos","Cruzeiro",V
17/08/2006,"Palmeiras","Juventude",E
19/08/2006,"Flamengo","Grêmio",V
19/08/2006,"PontePreta","Goiás",V
20/08/2006,"Corinthians","Botafogo",V
20/08/2006,"Cruzeiro","SãoPaulo",E
20/08/2006,"Figueirense","AtléticoPR",E
20/08/2006,"Fluminense","SantaCRuz",E
20/08/2006,"Fortaleza","Juventude",V
20/08/2006,"Internacional","Palmeiras",E
20/08/2006,"Paraná","SãoCaetano",V
20/08/2006,"Santos","Vasco",D
23/08/2006,"Botafogo","Cruzeiro",V
23/08/2006,"Goiás","Internacional",E
23/08/2006,"Juventude","Corinthians",E
23/08/2006,"Palmeiras","Fluminense",V
23/08/2006,"SantaCRuz","Santos",E
23/08/2006,"SãoCaetano","Flamengo",E
23/08/2006,"AtléticoPR","PontePreta",V
24/08/2006,"Grêmio","Fortaleza",V
24/08/2006,"SãoPaulo","Paraná",V
24/08/2006,"Vasco","Figueirense",V
26/08/2006,"Cruzeiro","SãoCaetano",V
26/08/2006,"Fluminense","AtléticoPR",D
26/08/2006,"Santos","Goiás",V
27/08/2006,"Corinthians","Grêmio",D
27/08/2006,"Figueirense","SantaCRuz",V
27/08/2006,"Flamengo","SãoPaulo",E
27/08/2006,"Fortaleza","Botafogo",D
27/08/2006,"Internacional","Vasco",D
27/08/2006,"Paraná","Juventude",D
27/08/2006,"PontePreta","Palmeiras",E
30/08/2006,"AtléticoPR","Santos",V
30/08/2006,"Goiás","Fluminense",V
30/08/2006,"Grêmio","Cruzeiro",V
30/08/2006,"Juventude","Flamengo",V
30/08/2006,"Palmeiras","Figueirense",E
30/08/2006,"SantaCRuz","Internacional",D
30/08/2006,"SãoCaetano","Corinthians",D
31/08/2006,"Botafogo","Paraná",V
31/08/2006,"SãoPaulo","Fortaleza",E
31/08/2006,"Vasco","PontePreta",E
02/09/2006,"Cruzeiro","Figueirense",E
02/09/2006,"Flamengo","Internacional",D
03/09/2006,"AtléticoPR","Botafogo",D
03/09/2006,"Corinthians","PontePreta",V
03/09/2006,"Fluminense","Vasco",E
03/09/2006,"Goiás","Juventude",V
03/09/2006,"Grêmio","Paraná",V
03/09/2006,"SantaCRuz","SãoPaulo",D
03/09/2006,"Santos","Palmeiras",V
03/09/2006,"SãoCaetano","Fortaleza",E
09/09/2006,"Palmeiras","SãoCaetano",V
09/09/2006,"PontePreta","SantaCRuz",V
09/09/2006,"Vasco","Grêmio",E
10/09/2006,"Botafogo","Flamengo",D
10/09/2006,"Figueirense","Goiás",E
10/09/2006,"Fortaleza","Santos",E
10/09/2006,"Internacional","AtléticoPR",V
10/09/2006,"Juventude","Cruzeiro",V
10/09/2006,"Paraná","Fluminense",V
10/09/2006,"SãoPaulo","Corinthians",E
16/09/2006,"AtléticoPR","SantaCRuz",V
16/09/2006,"Corinthians","Paraná",V
16/09/2006,"Vasco","Goiás",E
17/09/2006,"Cruzeiro","Palmeiras",V
17/09/2006,"Fluminense","Figueirense",V
17/09/2006,"Fortaleza","Flamengo",D
17/09/2006,"Grêmio","Botafogo",V
17/09/2006,"Juventude","SãoCaetano",V
17/09/2006,"PontePreta","Santos",V
17/09/2006,"SãoPaulo","Internacional",V
20/09/2006,"Botafogo","Juventude",V
20/09/2006,"Corinthians","Vasco",E
20/09/2006,"Figueirense","Internacional",V
20/09/2006,"Goiás","AtléticoPR",E
20/09/2006,"Grêmio","PontePreta",V
20/09/2006,"Paraná","Fortaleza",V
20/09/2006,"Santos","Fluminense",E
20/09/2006,"SãoCaetano","SãoPaulo",D
21/09/2006,"Flamengo","Cruzeiro",V
21/09/2006,"SantaCRuz","Palmeiras",V
23/09/2006,"AtléticoPR","SãoCaetano",V
23/09/2006,"Fluminense","Fortaleza",D
24/09/2006,"Figueirense","Paraná",D
24/09/2006,"Goiás","Grêmio",V
24/09/2006,"Internacional","Corinthians",E
24/09/2006,"Palmeiras","SãoPaulo",V
24/09/2006,"PontePreta","Cruzeiro",D
24/09/2006,"SantaCRuz","Juventude",V
24/09/2006,"Santos","Flamengo",V
24/09/2006,"Vasco","Botafogo",E
30/09/2006,"AtléticoPR","SãoPaulo",E
30/09/2006,"Internacional","Paraná",V
04/10/2006,"Flamengo","Fluminense",V
04/10/2006,"Fortaleza","Figueirense",E
04/10/2006,"Grêmio","Palmeiras",V
04/10/2006,"Juventude","AtléticoPR",V
04/10/2006,"Paraná","PontePreta",V
04/10/2006,"SãoCaetano","Goiás",D
04/10/2006,"SãoPaulo","Vasco",V
05/10/2006,"Botafogo","SantaCRuz",V
05/10/2006,"Corinthians","Santos",D
05/10/2006,"Cruzeiro","Internacional",V
07/10/2006,"PontePreta","Juventude",V
07/10/2006,"Vasco","Fortaleza",V
07/10/2006,"Fluminense","SãoPaulo",D
08/10/2006,"AtléticoPR","Cruzeiro",E
08/10/2006,"Figueirense","Botafogo",V
08/10/2006,"Goiás","Corinthians",V
08/10/2006,"Internacional","SãoCaetano",V
08/10/2006,"Palmeiras","Flamengo",V
08/10/2006,"SantaCRuz","Paraná",D
08/10/2006,"Santos","Grêmio",V
14/10/2006,"Cruzeiro","Fortaleza",E
14/10/2006,"Botafogo","Santos",V
14/10/2006,"SãoCaetano","Grêmio",D
14/10/2006,"SãoPaulo","Juventude",V
15/10/2006,"Figueirense","PontePreta",V
15/10/2006,"Flamengo","Corinthians",V
15/10/2006,"Internacional","Fluminense",V
15/10/2006,"Palmeiras","AtléticoPR",E
15/10/2006,"Paraná","Goiás",V
15/10/2006,"SantaCRuz","Vasco",D
18/10/2006,"Vasco","Palmeiras",V
21/10/2006,"Goiás","SantaCRuz",V
21/10/2006,"PontePreta","Internacional",D
21/10/2006,"Santos","Figueirense",V
22/10/2006,"Botafogo","SãoCaetano",V
22/10/2006,"Corinthians","Cruzeiro",V
22/10/2006,"Fortaleza","AtléticoPR",D
22/10/2006,"Grêmio","SãoPaulo",E
22/10/2006,"Juventude","Fluminense",E
22/10/2006,"Paraná","Flamengo",D
25/10/2006,"Corinthians","Palmeiras",V
26/10/2006,"Fluminense","Grêmio",D
26/10/2006,"SantaCRuz","Fortaleza",D
26/10/2006,"Internacional","Juventude",V
26/10/2006,"Vasco","Flamengo",V
28/10/2006,"AtléticoPR","Paraná",V
28/10/2006,"Figueirense","SãoPaulo",D
28/10/2006,"Goiás","Cruzeiro",D
28/10/2006,"PontePreta","Botafogo",D
28/10/2006,"Santos","SãoCaetano",V
01/11/2006,"AtléticoPR","Vasco",V
01/11/2006,"Flamengo","SantaCRuz",E
01/11/2006,"Fortaleza","Corinthians",D
01/11/2006,"Grêmio","Figueirense",D
01/11/2006,"Juventude","Santos",V
01/11/2006,"Palmeiras","Goiás",D
01/11/2006,"SãoCaetano","Fluminense",E
02/11/2006,"Botafogo","Internacional",D
02/11/2006,"Cruzeiro","Paraná",E
02/11/2006,"SãoPaulo","PontePreta",E
04/11/2006,"Figueirense","Juventude",V
04/11/2006,"Flamengo","AtléticoPR",V
05/11/2006,"Botafogo","Fluminense",V
05/11/2006,"Corinthians","SantaCRuz",V
05/11/2006,"Cruzeiro","Vasco",V
05/11/2006,"Fortaleza","Goiás",D
05/11/2006,"Grêmio","Internacional",D
05/11/2006,"Paraná","Palmeiras",V
05/11/2006,"PontePreta","SãoCaetano",D
05/11/2006,"Santos","SãoPaulo",D
08/11/2006,"AtléticoPR","Corinthians",D
08/11/2006,"Goiás","Flamengo",D
08/11/2006,"Internacional","Santos",E
08/11/2006,"Juventude","Grêmio",D
08/11/2006,"Palmeiras","Fortaleza",V
08/11/2006,"SãoCaetano","Figueirense",V
08/11/2006,"Vasco","Paraná",V
09/11/2006,"Fluminense","PontePreta",E
09/11/2006,"SantaCRuz","Cruzeiro",V
09/11/2006,"SãoPaulo","Botafogo",V
11/11/2006,"Internacional","Fortaleza",V
11/11/2006,"Santos","Paraná",V
11/11/2006,"Vasco","Juventude",E
12/11/2006,"AtléticoPR","Grêmio",D
12/11/2006,"Figueirense","Corinthians",E
12/11/2006,"Fluminense","Cruzeiro",V
12/11/2006,"Goiás","SãoPaulo",D
12/11/2006,"Palmeiras","Botafogo",V
12/11/2006,"PontePreta","Flamengo",V
12/11/2006,"SantaCRuz","SãoCaetano",D
18/11/2006,"Corinthians","Fluminense",E
18/11/2006,"Flamengo","Figueirense",D
18/11/2006,"Grêmio","SantaCRuz",V
19/11/2006,"Botafogo","Goiás",E
19/11/2006,"Cruzeiro","Santos",E
19/11/2006,"Fortaleza","PontePreta",V
19/11/2006,"Juventude","Palmeiras",V
19/11/2006,"Paraná","Internacional",V
19/11/2006,"SãoCaetano","Vasco",D
19/11/2006,"SãoPaulo","AtléticoPR",E
26/11/2006,"AtléticoPR","Figueirense",D
26/11/2006,"Botafogo","Corinthians",E
26/11/2006,"Goiás","PontePreta",V
26/11/2006,"Grêmio","Flamengo",V
26/11/2006,"Juventude","Fortaleza",E
26/11/2006,"Palmeiras","Internacional",D
26/11/2006,"SantaCRuz","Fluminense",D
26/11/2006,"SãoCaetano","Paraná",D
26/11/2006,"SãoPaulo","Cruzeiro",V
26/11/2006,"Vasco","Santos",E
02/12/2006,"Internacional","Goiás",D
02/12/2006,"Flamengo","SãoCaetano",V
03/12/2006,"Fluminense","Palmeiras",E
03/12/2006,"Figueirense","Vasco",E
03/12/2006,"Santos","SantaCRuz",V
03/12/2006,"PontePreta","AtléticoPR",E
03/12/2006,"Paraná","SãoPaulo",E
03/12/2006,"Cruzeiro","Botafogo",V
03/12/2006,"Fortaleza","Grêmio",V
12/05/2007,"Figueirense","AtléticoPR",D
12/05/2007,"Fluminense","Cruzeiro",E
12/05/2007,"SãoPaulo","Goiás",V
13/05/2007,"AtléticoMG","Náutico",V
13/05/2007,"Internacional","Botafogo",D
13/05/2007,"Flamengo","Palmeiras",D
13/05/2007,"Paraná","Grêmio",V
13/05/2007,"AméricaRN","Vasco",D
13/05/2007,"Corinthians","Juventude",V
13/05/2007,"Sport","Santos",V
19/05/2007,"Juventude","Paraná",D
19/05/2007,"AtléticoPR","Internacional",V
19/05/2007,"Santos","AméricaRN",D
20/05/2007,"Goiás","Flamengo",D
20/05/2007,"Botafogo","AtléticoMG",V
20/05/2007,"Cruzeiro","Corinthians",D
20/05/2007,"Palmeiras","Figueirense",V
20/05/2007,"Vasco","Sport",V
20/05/2007,"Náutico","SãoPaulo",V
20/05/2007,"Grêmio","Fluminense",V
26/05/2007,"AméricaRN","Figueirense",D
26/05/2007,"Corinthians","AtléticoMG",E
26/05/2007,"Fluminense","Internacional",V
27/05/2007,"AtléticoPR","Santos",D
27/05/2007,"Náutico","Vasco",E
27/05/2007,"Grêmio","Sport",V
27/05/2007,"SãoPaulo","Palmeiras",E
27/05/2007,"Flamengo","Botafogo",E
27/05/2007,"Cruzeiro","Paraná",D
27/05/2007,"Goiás","Juventude",V
02/06/2007,"Figueirense","Goiás",V
02/06/2007,"Botafogo","Grêmio",V
02/06/2007,"AtléticoMG","AtléticoPR",E
03/06/2007,"Palmeiras","Cruzeiro",D
03/06/2007,"Sport","Flamengo",E
03/06/2007,"Santos","Corinthians",E
03/06/2007,"Juventude","AméricaRN",V
03/06/2007,"Vasco","Fluminense",E
03/06/2007,"Paraná","SãoPaulo",D
04/06/2007,"Internacional","Náutico",V
09/06/2007,"Náutico","Paraná",E
09/06/2007,"Palmeiras","Botafogo",E
09/06/2007,"Vasco","Grêmio",V
10/06/2007,"AméricaRN","Corinthians",D
10/06/2007,"Fluminense","Sport",V
10/06/2007,"Figueirense","Flamengo",V
10/06/2007,"AtléticoPR","Goiás",D
10/06/2007,"Cruzeiro","Juventude",D
10/06/2007,"SãoPaulo","AtléticoMG",D
10/06/2007,"Internacional","Santos",V
14/06/2007,"Botafogo","Vasco",V
16/06/2007,"Grêmio","Cruzeiro",D
16/06/2007,"Corinthians","Paraná",E
16/06/2007,"Flamengo","Internacional",E
17/06/2007,"Goiás","Palmeiras",V
17/06/2007,"AtléticoMG","Figueirense",V
17/06/2007,"SãoPaulo","Vasco",V
17/06/2007,"AtléticoPR","Fluminense",E
17/06/2007,"Sport","AméricaRN",E
17/06/2007,"Botafogo","Náutico",V
17/06/2007,"Juventude","Santos",D
23/06/2007,"Juventude","Figueirense",E
23/06/2007,"Paraná","Sport",V
24/06/2007,"Náutico","Goiás",D
24/06/2007,"Palmeiras","AtléticoPR",D
24/06/2007,"AméricaRN","Fluminense",D
24/06/2007,"Santos","SãoPaulo",D
24/06/2007,"Cruzeiro","AtléticoMG",V
24/06/2007,"Internacional","Grêmio",D
28/06/2007,"Sport","Náutico",V
28/06/2007,"Figueirense","SãoPaulo",E
30/06/2007,"AméricaRN","Goiás",D
30/06/2007,"Cruzeiro","Vasco",V
30/06/2007,"Santos","Grêmio",E
30/06/2007,"Fluminense","Botafogo",D
30/06/2007,"Paraná","AtléticoPR",E
30/06/2007,"Internacional","AtléticoMG",E
30/06/2007,"Corinthians","Palmeiras",D
03/07/2007,"Figueirense","Cruzeiro",V
03/07/2007,"Palmeiras","AméricaRN",V
03/07/2007,"AtléticoPR","Náutico",E
03/07/2007,"Grêmio","Juventude",V
03/07/2007,"Fluminense","Paraná",E
03/07/2007,"SãoPaulo","Internacional",V
03/07/2007,"Goiás","Botafogo",E
04/07/2007,"Sport","Corinthians",V
04/07/2007,"AtléticoMG","Flamengo",E
04/07/2007,"Vasco","Santos",V
06/07/2007,"Paraná","AméricaRN",D
07/07/2007,"Botafogo","AtléticoPR",V
07/07/2007,"Corinthians","Fluminense",E
07/07/2007,"Santos","Cruzeiro",V
07/07/2007,"SãoPaulo","Flamengo",E
07/07/2007,"AtléticoMG","Grêmio",D
07/07/2007,"Goiás","Sport",V
07/07/2007,"Internacional","Figueirense",V
07/07/2007,"Náutico","Palmeiras",D
07/07/2007,"Juventude","Vasco",V
12/07/2007,"Paraná","Figueirense",D
12/07/2007,"Juventude","Náutico",E
12/07/2007,"Vasco","AtléticoPR",V
14/07/2007,"Sport","AtléticoMG",V
14/07/2007,"Santos","Botafogo",V
14/07/2007,"Grêmio","Palmeiras",E
14/07/2007,"AméricaRN","Internacional",D
14/07/2007,"Cruzeiro","Goiás",V
14/07/2007,"Corinthians","SãoPaulo",E
18/07/2007,"Figueirense","Sport",D
18/07/2007,"AtléticoPR","Juventude",V
18/07/2007,"AtléticoMG","AméricaRN",V
18/07/2007,"Náutico","Cruzeiro",D
18/07/2007,"SãoPaulo","Fluminense",D
18/07/2007,"Internacional","Corinthians",V
19/07/2007,"Palmeiras","Santos",E
19/07/2007,"Goiás","Grêmio",E
19/07/2007,"Flamengo","Paraná",D
21/07/2007,"AméricaRN","AtléticoPR",V
21/07/2007,"Juventude","Internacional",V
21/07/2007,"Vasco","AtléticoMG",V
22/07/2007,"Corinthians","Náutico",D
22/07/2007,"Cruzeiro","SãoPaulo",D
22/07/2007,"Grêmio","Flamengo",V
22/07/2007,"Fluminense","Goiás",V
22/07/2007,"Santos","Figueirense",V
22/07/2007,"Paraná","Palmeiras",V
22/07/2007,"Sport","Botafogo",E
25/07/2007,"AtléticoPR","Cruzeiro",E
25/07/2007,"Goiás","Santos",V
25/07/2007,"Náutico","Grêmio",D
25/07/2007,"Flamengo","AméricaRN",V
25/07/2007,"Palmeiras","Vasco",V
25/07/2007,"Figueirense","Corinthians",E
25/07/2007,"Internacional","Paraná",V
26/07/2007,"Botafogo","Juventude",V
26/07/2007,"AtléticoMG","Fluminense",V
26/07/2007,"SãoPaulo","Sport",V
28/07/2007,"Santos","Náutico",D
28/07/2007,"Grêmio","AtléticoPR",E
28/07/2007,"Vasco","Goiás",V
29/07/2007,"Corinthians","Flamengo",E
29/07/2007,"Sport","Internacional",D
29/07/2007,"Juventude","Palmeiras",E
29/07/2007,"Paraná","AtléticoMG",D
29/07/2007,"Fluminense","Figueirense",E
29/07/2007,"AméricaRN","SãoPaulo",D
29/07/2007,"Cruzeiro","Botafogo",V
01/08/2007,"Goiás","Paraná",V
01/08/2007,"Náutico","Fluminense",E
01/08/2007,"Palmeiras","Sport",D
01/08/2007,"Botafogo","AméricaRN",V
01/08/2007,"AtléticoPR","Corinthians",E
01/08/2007,"AtléticoMG","Santos",D
01/08/2007,"Internacional","Vasco",D
02/08/2007,"Figueirense","Grêmio",V
02/08/2007,"SãoPaulo","Juventude",V
04/08/2007,"Corinthians","Goiás",V
04/08/2007,"AméricaRN","Náutico",D
04/08/2007,"Sport","AtléticoPR",V
05/08/2007,"Fluminense","Palmeiras",D
05/08/2007,"Cruzeiro","Internacional",V
05/08/2007,"Santos","Flamengo",V
05/08/2007,"Juventude","AtléticoMG",D
05/08/2007,"Vasco","Figueirense",E
05/08/2007,"Paraná","Botafogo",E
05/08/2007,"Grêmio","SãoPaulo",D
08/08/2007,"Cruzeiro","Sport",V
08/08/2007,"Juventude","Fluminense",E
08/08/2007,"Botafogo","SãoPaulo",D
08/08/2007,"Náutico","Figueirense",V
08/08/2007,"AtléticoPR","Flamengo",V
08/08/2007,"Goiás","AtléticoMG",V
09/08/2007,"Vasco","Corinthians",V
09/08/2007,"Grêmio","AméricaRN",V
09/08/2007,"Palmeiras","Internacional",E
09/08/2007,"Santos","Paraná",V
11/08/2007,"Sport","Juventude",V
11/08/2007,"SãoPaulo","AtléticoPR",V
11/08/2007,"Flamengo","Náutico",V
12/08/2007,"Corinthians","Grêmio",V
12/08/2007,"AtléticoMG","Palmeiras",D
12/08/2007,"Figueirense","Botafogo",E
12/08/2007,"Internacional","Goiás",V
12/08/2007,"AméricaRN","Cruzeiro",D
12/08/2007,"Paraná","Vasco",E
12/08/2007,"Fluminense","Santos",V
15/08/2007,"Botafogo","Corinthians",D
16/08/2007,"Fluminense","Flamengo",D
18/08/2007,"AtléticoPR","Figueirense",E
18/08/2007,"Santos","Sport",V
18/08/2007,"Grêmio","Paraná",V
19/08/2007,"Palmeiras","Flamengo",V
19/08/2007,"Goiás","SãoPaulo",E
19/08/2007,"Botafogo","Internacional",E
19/08/2007,"Náutico","AtléticoMG",D
19/08/2007,"Cruzeiro","Fluminense",V
19/08/2007,"Juventude","Corinthians",E
19/08/2007,"Vasco","AméricaRN",V
23/08/2007,"Flamengo","Juventude",V
26/08/2007,"Corinthians","Cruzeiro",D
26/08/2007,"Fluminense","Grêmio",E
26/08/2007,"Internacional","AtléticoPR",V
26/08/2007,"Paraná","Juventude",V
26/08/2007,"AméricaRN","Santos",D
26/08/2007,"Sport","Vasco",E
26/08/2007,"AtléticoMG","Botafogo",D
26/08/2007,"SãoPaulo","Náutico",V
26/08/2007,"Figueirense","Palmeiras",D
26/08/2007,"Flamengo","Goiás",V
29/08/2007,"Palmeiras","SãoPaulo",D
29/08/2007,"Paraná","Cruzeiro",E
29/08/2007,"Juventude","Goiás",V
29/08/2007,"Botafogo","Flamengo",E
29/08/2007,"Sport","Grêmio",V
29/08/2007,"AtléticoMG","Corinthians",V
29/08/2007,"Figueirense","AméricaRN",V
29/08/2007,"Internacional","Fluminense",D
30/08/2007,"Santos","AtléticoPR",V
30/08/2007,"Vasco","Náutico",V
01/09/2007,"SãoPaulo","Paraná",V
01/09/2007,"AméricaRN","Juventude",D
01/09/2007,"Flamengo","Sport",E
02/09/2007,"Corinthians","Santos",V
02/09/2007,"AtléticoPR","AtléticoMG",V
02/09/2007,"Goiás","Figueirense",V
02/09/2007,"Fluminense","Vasco",E
02/09/2007,"Náutico","Internacional",E
02/09/2007,"Cruzeiro","Palmeiras",V
02/09/2007,"Grêmio","Botafogo",V
05/09/2007,"Corinthians","AméricaRN",V
05/09/2007,"Goiás","AtléticoPR",D
05/09/2007,"AtléticoMG","SãoPaulo",E
05/09/2007,"Santos","Internacional",V
05/09/2007,"Juventude","Cruzeiro",V
05/09/2007,"Grêmio","Vasco",V
05/09/2007,"Flamengo","Figueirense",V
06/09/2007,"Paraná","Náutico",D
06/09/2007,"Botafogo","Palmeiras",E
06/09/2007,"Sport","Fluminense",D
08/09/2007,"Cruzeiro","Grêmio",V
08/09/2007,"Santos","Juventude",V
08/09/2007,"Figueirense","AtléticoMG",V
08/09/2007,"Internacional","Flamengo",V
08/09/2007,"Vasco","SãoPaulo",D
09/09/2007,"Palmeiras","Goiás",V
09/09/2007,"Paraná","Corinthians",V
09/09/2007,"AméricaRN","Sport",E
09/09/2007,"Fluminense","AtléticoPR",V
09/09/2007,"Náutico","Botafogo",V
12/09/2007,"Flamengo","Cruzeiro",V
15/09/2007,"Goiás","Náutico",D
15/09/2007,"Fluminense","AméricaRN",V
15/09/2007,"SãoPaulo","Santos",V
16/09/2007,"Corinthians","Botafogo",D
16/09/2007,"AtléticoPR","Palmeiras",V
16/09/2007,"Sport","Paraná",V
16/09/2007,"AtléticoMG","Cruzeiro",D
16/09/2007,"Figueirense","Juventude",V
16/09/2007,"Grêmio","Internacional",V
16/09/2007,"Flamengo","Vasco",E
22/09/2007,"Goiás","AméricaRN",E
22/09/2007,"SãoPaulo","Figueirense",V
22/09/2007,"Grêmio","Santos",V
23/09/2007,"Palmeiras","Corinthians",V
23/09/2007,"AtléticoPR","Paraná",V
23/09/2007,"Botafogo","Fluminense",D
23/09/2007,"Náutico","Sport",V
23/09/2007,"AtléticoMG","Internacional",E
23/09/2007,"Juventude","Flamengo",E
23/09/2007,"Vasco","Cruzeiro",D
29/09/2007,"Corinthians","Sport",D
29/09/2007,"Náutico","AtléticoPR",V
29/09/2007,"Flamengo","AtléticoMG",V
30/09/2007,"Paraná","Fluminense",V
30/09/2007,"AméricaRN","Palmeiras",E
30/09/2007,"Botafogo","Goiás",D
30/09/2007,"Cruzeiro","Figueirense",D
30/09/2007,"Santos","Vasco",V
30/09/2007,"Juventude","Grêmio",D
30/09/2007,"Internacional","SãoPaulo",D
03/10/2007,"Palmeiras","Náutico",V
03/10/2007,"AtléticoPR","Botafogo",V
03/10/2007,"Fluminense","Corinthians",E
03/10/2007,"Sport","Goiás",V
03/10/2007,"Cruzeiro","Santos",D
03/10/2007,"Grêmio","AtléticoMG",E
03/10/2007,"Vasco","Juventude",D
04/10/2007,"AméricaRN","Paraná",V
04/10/2007,"Flamengo","SãoPaulo",V
04/10/2007,"Figueirense","Internacional",E
06/10/2007,"Palmeiras","Grêmio",V
06/10/2007,"Botafogo","Santos",D
06/10/2007,"Náutico","Juventude",V
07/10/2007,"AtléticoPR","Vasco",V
07/10/2007,"Goiás","Cruzeiro",E
07/10/2007,"AtléticoMG","Sport",V
07/10/2007,"SãoPaulo","Corinthians",D
07/10/2007,"Figueirense","Paraná",V
07/10/2007,"Internacional","AméricaRN",V
07/10/2007,"Flamengo","Fluminense",D
12/10/2007,"Sport","Figueirense",E
12/10/2007,"Cruzeiro","Náutico",E
12/10/2007,"Juventude","AtléticoPR",E
13/10/2007,"Corinthians","Internacional",E
13/10/2007,"Paraná","Flamengo",D
13/10/2007,"AméricaRN","AtléticoMG",D
13/10/2007,"Fluminense","SãoPaulo",E
13/10/2007,"Santos","Palmeiras",E
13/10/2007,"Grêmio","Goiás",V
14/10/2007,"Vasco","Botafogo",V
18/10/2007,"Vasco","Flamengo",D
20/10/2007,"Palmeiras","Paraná",V
20/10/2007,"Goiás","Fluminense",V
20/10/2007,"Botafogo","Sport",V
21/10/2007,"AtléticoPR","AméricaRN",V
21/10/2007,"Náutico","Corinthians",V
21/10/2007,"AtléticoMG","Vasco",V
21/10/2007,"SãoPaulo","Cruzeiro",V
21/10/2007,"Figueirense","Santos",V
21/10/2007,"Internacional","Juventude",V
21/10/2007,"Flamengo","Grêmio",V
27/10/2007,"Fluminense","AtléticoMG",E
27/10/2007,"Cruzeiro","AtléticoPR",E
27/10/2007,"Santos","Goiás",V
28/10/2007,"Corinthians","Figueirense",V
28/10/2007,"Paraná","Internacional",V
28/10/2007,"AméricaRN","Flamengo",D
28/10/2007,"Sport","SãoPaulo",D
28/10/2007,"Juventude","Botafogo",E
28/10/2007,"Grêmio","Náutico",V
28/10/2007,"Vasco","Palmeiras",E
31/10/2007,"AtléticoPR","Grêmio",V
31/10/2007,"Goiás","Vasco",D
31/10/2007,"Náutico","Santos",D
31/10/2007,"AtléticoMG","Paraná",E
31/10/2007,"SãoPaulo","AméricaRN",V
31/10/2007,"Figueirense","Fluminense",D
31/10/2007,"Flamengo","Corinthians",V
01/11/2007,"Palmeiras","Juventude",D
01/11/2007,"Botafogo","Cruzeiro",V
01/11/2007,"Internacional","Sport",E
03/11/2007,"Paraná","Goiás",V
03/11/2007,"Fluminense","Náutico",V
03/11/2007,"Grêmio","Figueirense",D
04/11/2007,"Corinthians","AtléticoPR",E
04/11/2007,"AméricaRN","Botafogo",E
04/11/2007,"Sport","Palmeiras",V
04/11/2007,"Cruzeiro","Flamengo",V
04/11/2007,"Santos","AtléticoMG",E
04/11/2007,"Vasco","Internacional",D
07/11/2007,"Juventude","SãoPaulo",V
10/11/2007,"Botafogo","Paraná",V
10/11/2007,"Náutico","AméricaRN",V
10/11/2007,"Internacional","Cruzeiro",V
11/11/2007,"AtléticoPR","Sport",E
11/11/2007,"Goiás","Corinthians",E
11/11/2007,"AtléticoMG","Juventude",V
11/11/2007,"SãoPaulo","Grêmio",V
11/11/2007,"Figueirense","Vasco",E
11/11/2007,"Flamengo","Santos",V
14/11/2007,"Palmeiras","Fluminense",V
24/11/2007,"AméricaRN","Grêmio",D
24/11/2007,"Fluminense","Juventude",V
25/11/2007,"Paraná","Santos",D
25/11/2007,"Sport","Cruzeiro",V
25/11/2007,"SãoPaulo","Botafogo",E
25/11/2007,"Internacional","Palmeiras",V
25/11/2007,"Flamengo","AtléticoPR",V
28/11/2007,"Corinthians","Vasco",D
28/11/2007,"AtléticoMG","Goiás",V
28/11/2007,"Figueirense","Náutico",V
02/12/2007,"Palmeiras","AtléticoMG",D
02/12/2007,"AtléticoPR","SãoPaulo",V
02/12/2007,"Goiás","Internacional",V
02/12/2007,"Botafogo","Figueirense",E
02/12/2007,"Náutico","Flamengo",V
02/12/2007,"Cruzeiro","AméricaRN",V
02/12/2007,"Santos","Fluminense",D
02/12/2007,"Juventude","Sport",V
02/12/2007,"Grêmio","Corinthians",E
